opportunity_id,opportunity_number,opportunity_title,agency_name,open_date,close_date,opp_status,award_ceiling,estimated_total_program_funding,expected_number_of_awards,team_size_category,team_members,proposed_title,rationale,aims_or_projects,opportunity_url
10f4a697-e6a1-454a-bb73-74bc933f364a,RFA-CK-26-035,"Emerging Infections Network - Research for Preventing, Detecting, and Managing Travel-associated Infectious Diseases",Centers for Disease Control and Prevention - ERA,,,forecasted,600000.0,3000000.0,1.0,large,"Adam J. Ratner, MD; Catherine Pei-ju Lu; Hakhamanesh Mostafavi; Jonas Schluter, PhD","Emerging Infections Network - Research for Preventing, Detecting, collaborative plan","This opportunity calls for a shared resource or coordinating effort in emerging infections network - research for preventing, detecting, and managing travel-associated infectious diseases. Adam J. Ratner, MD contributes expertise in bacteriology, translational. Catherine Pei-ju Lu contributes expertise in my lab aims to build a comprehensive framework for understanding stem cell biology of the skin, from development to dise. Hakhamanesh Mostafavi contributes expertise in my lab studies the genetic basis of complex human traits and diseases. Jonas Schluter, PhD contributes expertise in systems microbiology, immunology. Together, the team is positioned to deliver a rigorous plan that advances associated , infections , infectious while meeting Centers for Disease Control and Prevention - ERA expectations for impact and reproducibility.","Aim 1: define the central questions, datasets, and success metrics for emerging infections network - research for preventing, detecting, and managing with input from all team members.
Aim 2: build and quality control a shared resource for emerging infections network - research for preventing, detecting, and managing, including standardized protocols, data structures, and access pathways.
Aim 3: validate robustness across settings, publish reproducible workflows, and create a dissemination plan for broad community use.",https://www.grants.gov/search-grants?query=RFA-CK-26-035
e9f03c13-cda6-4177-958e-33f2d783facc,PAR-26-036,Centers of Excellence in Genomic Science (CEGS),National Institutes of Health,,,forecasted,,5000000.0,2.0,large,"Nadav Brandes; Alejandro Pironti, PhD; Molly Gale Hammell; David Fenyo",Centers of Excellence in Genomic Science collaborative plan,"This opportunity calls for a shared resource or coordinating effort in centers of excellence in genomic science. Nadav Brandes contributes expertise in large language models (llms) have revolutionized artificial intelligence (ai). Alejandro Pironti, PhD contributes expertise in microbial genomics, antimicrobial resistance. Molly Gale Hammell contributes expertise in molly gale hammell is an associate professor in the institute for systems genetics at nyu langone health. David Fenyo contributes expertise in in my research i apply mathematical, statistical and computational methods to provide a detailed understanding of the dy. Together, the team is positioned to deliver a rigorous plan that advances excellence , centers , genomic while meeting National Institutes of Health expectations for impact and reproducibility.","Aim 1: define the central questions, datasets, and success metrics for centers of excellence in genomic science with input from all team members.
Aim 2: build and quality control a shared resource for centers of excellence in genomic science, including standardized protocols, data structures, and access pathways.
Aim 3: validate robustness across settings, publish reproducible workflows, and create a dissemination plan for broad community use.",https://www.grants.gov/search-grants?query=PAR-26-036
42025fd1-c1a8-48a5-acb1-612361d8d0bd,24-547,Plant Genome Research Program,U.S. National Science Foundation,,,posted,,30000000.0,20.0,large,esteban o mazzoni; Jane Skok; Paolo Mita; Ran Brosh,Plant Genome Research Program collaborative plan,"This opportunity supports hypothesis driven work in plant genome research program. esteban o mazzoni contributes expertise in we are passionate about understanding how cells acquire the functions required by a multicellular organism like the comp. Jane Skok contributes expertise in to uncover how ctcf/ctcfl, cohesin, transcription factors, and nucleosomes generate tunable insulation and state-specifi. Paolo Mita contributes expertise in transposable elements (te) are sequences of dna that are capable of moving within a host genome, and thus are often refe. Ran Brosh contributes expertise in i have two roles: [1] as faculty at isg/pathology i am leading the dark matter project, a collaborative effort to use sy. Together, the team is positioned to deliver a rigorous plan that advances research , program , genome while meeting U.S. National Science Foundation expectations for impact and reproducibility.","Aim 1: define the central questions, datasets, and success metrics for plant genome research program with input from all team members.
Aim 2: test key mechanisms or drivers in plant genome research program using complementary models, assays, and analytical approaches.
Aim 3: validate robustness across settings, publish reproducible workflows, and create a dissemination plan for broad community use.",http://www.nsf.gov/publications/pub_summ.jsp?ods_key=nsf24547
cf2715a3-010f-4d16-9153-113579cfb0ac,FOR-HG-26-001,Centers for Genomics Research Capacity Building,National Institutes of Health,,,forecasted,,5000000.0,3.0,large,"Molly Gale Hammell; Alejandro Pironti, PhD; Nadav Brandes",Centers for Genomics Research Capacity Building collaborative plan,"This opportunity calls for a shared resource or coordinating effort in centers for genomics research capacity building. Molly Gale Hammell contributes expertise in molly gale hammell is an associate professor in the institute for systems genetics at nyu langone health. Alejandro Pironti, PhD contributes expertise in microbial genomics, antimicrobial resistance. Nadav Brandes contributes expertise in large language models (llms) have revolutionized artificial intelligence (ai). Together, the team is positioned to deliver a rigorous plan that advances building , capacity , genomics while meeting National Institutes of Health expectations for impact and reproducibility.","Aim 1: define the central questions, datasets, and success metrics for centers for genomics research capacity building with input from all team members.
Aim 2: build and quality control a shared resource for centers for genomics research capacity building, including standardized protocols, data structures, and access pathways.
Aim 3: validate robustness across settings, publish reproducible workflows, and create a dissemination plan for broad community use.",https://www.grants.gov/search-grants?query=FOR-HG-26-001
53e7b1bb-02a7-4133-b50b-74bce8c324ff,RFA-CA-25-031,Metastasis Research Network (U54 Clinical Trial Not Allowed),National Institutes of Health,,,forecasted,1700000.0,6800000.0,4.0,large,"Robert J. Schneider, PhD; Gregory David; Catherine Pei-ju Lu; Pau Castel",Metastasis Research Network collaborative plan U54,"This opportunity calls for a shared resource or coordinating effort in metastasis research network. Robert J. Schneider, PhD contributes expertise in rna biology, translation control. Gregory David contributes expertise in the research conducted in our laboratory centers on the interplay between aging and cancer. Catherine Pei-ju Lu contributes expertise in my lab aims to build a comprehensive framework for understanding stem cell biology of the skin, from development to dise. Pau Castel contributes expertise in the castel laboratory is interested in understanding the molecular mechanisms underlying oncoprotein-mediated transforma. Together, the team is positioned to deliver a rigorous plan that advances metastasis , research , network while meeting National Institutes of Health expectations for impact and reproducibility.","Aim 1: define the central questions, datasets, and success metrics for metastasis research network with input from all team members.
Aim 2: build and quality control a shared resource for metastasis research network, including standardized protocols, data structures, and access pathways.
Aim 3: validate findings in relevant human data or specimens and define a dissemination plan to support adoption in real world settings.",https://www.grants.gov/search-grants?query=RFA-CA-25-031
a3fe5760-281e-4303-aac7-08dcea8327c2,FOR-CA-25-085,Forecast to Publish a Notice of Funding Opportunity for The Metastasis Research Network (MetNet): MetNet Research Projects (U01 Clinical Trial Not Allowed),National Institutes of Health,,,forecasted,,,10.0,large,"Robert J. Schneider, PhD; Gregory David; Catherine Pei-ju Lu",Forecast to Publish a Notice of Funding Opportunity collaborative plan U01,"This opportunity calls for a shared resource or coordinating effort in forecast to publish a notice of funding opportunity for the metastasis research network :. Robert J. Schneider, PhD contributes expertise in rna biology, translation control. Gregory David contributes expertise in the research conducted in our laboratory centers on the interplay between aging and cancer. Catherine Pei-ju Lu contributes expertise in my lab aims to build a comprehensive framework for understanding stem cell biology of the skin, from development to dise. Together, the team is positioned to deliver a rigorous plan that advances research , opportunity , metastasis while meeting National Institutes of Health expectations for impact and reproducibility.","Aim 1: define the central questions, datasets, and success metrics for forecast to publish a notice of funding opportunity for the with input from all team members.
Aim 2: build and quality control a shared resource for forecast to publish a notice of funding opportunity for the, including standardized protocols, data structures, and access pathways.
Aim 3: validate findings in relevant human data or specimens and define a dissemination plan to support adoption in real world settings.",https://www.grants.gov/search-grants?query=FOR-CA-25-085
acab0368-18be-4f5d-8d14-9761df88abdc,FOR-HG-26-003,ancient DNA for Modern Genomics (aDMG) Data Generation and Resource Center,National Institutes of Health,,,forecasted,,2750000.0,1.0,large,Aravinda Chakravarti; Paolo Mita; Molly Gale Hammell; Ran Brosh,ancient DNA for Modern Genomics Data Generation and collaborative plan,"This opportunity calls for a shared resource or coordinating effort in ancient dna for modern genomics data generation and resource center. Aravinda Chakravarti contributes expertise in contributions to science 1. Paolo Mita contributes expertise in transposable elements (te) are sequences of dna that are capable of moving within a host genome, and thus are often refe. Molly Gale Hammell contributes expertise in molly gale hammell is an associate professor in the institute for systems genetics at nyu langone health. Ran Brosh contributes expertise in i have two roles: [1] as faculty at isg/pathology i am leading the dark matter project, a collaborative effort to use sy. Together, the team is positioned to deliver a rigorous plan that advances generation , genomics , resource while meeting National Institutes of Health expectations for impact and reproducibility.","Aim 1: define the central questions, datasets, and success metrics for ancient dna for modern genomics data generation and resource center with input from all team members.
Aim 2: build and quality control a shared resource for ancient dna for modern genomics data generation and resource center, including standardized protocols, data structures, and access pathways.
Aim 3: validate robustness across settings, publish reproducible workflows, and create a dissemination plan for broad community use.",https://www.grants.gov/search-grants?query=FOR-HG-26-003
22493742-3682-4c42-8539-5107fa7c561e,PAR-26-037,Toolkits for Dissemination of Genomic Technologies,National Institutes of Health,,,forecasted,50000.0,,15.0,large,David Fenyo; Nadav Brandes; Drew Jones; Aravinda Chakravarti,Toolkits for Dissemination of Genomic Technologies collaborative plan,"This opportunity supports hypothesis driven work in toolkits for dissemination of genomic technologies. David Fenyo contributes expertise in in my research i apply mathematical, statistical and computational methods to provide a detailed understanding of the dy. Nadav Brandes contributes expertise in large language models (llms) have revolutionized artificial intelligence (ai). Drew Jones contributes expertise in the ongoing theme of my work is the invention or adaptation of advanced chromatography and mass spectrometry technology . Aravinda Chakravarti contributes expertise in contributions to science 1. Together, the team is positioned to deliver a rigorous plan that advances dissemination , technologies , toolkits while meeting National Institutes of Health expectations for impact and reproducibility.","Aim 1: define the central questions, datasets, and success metrics for toolkits for dissemination of genomic technologies with input from all team members.
Aim 2: develop and benchmark a scalable tool or platform for toolkits for dissemination of genomic technologies that leverages the complementary strengths of the team.
Aim 3: validate robustness across settings, publish reproducible workflows, and create a dissemination plan for broad community use.",https://www.grants.gov/search-grants?query=PAR-26-037
6552e00b-8e51-4278-ab04-b6e3765a88a0,PAR-25-454,Comprehensive Partnerships to Advance Cancer Health (CPACH) (U54 Clinical Trial Optional),National Institutes of Health,,,forecasted,,,12.0,large,Richard Possemato; Gregory David; Pau Castel,Comprehensive Partnerships to Advance Cancer Health collaborative plan U54,"This opportunity supports hypothesis driven work in comprehensive partnerships to advance cancer health. Richard Possemato contributes expertise in i am an associate professor in the department of pathology at nyu school of medicine and co-leader of the cancer cell bi. Gregory David contributes expertise in the research conducted in our laboratory centers on the interplay between aging and cancer. Pau Castel contributes expertise in the castel laboratory is interested in understanding the molecular mechanisms underlying oncoprotein-mediated transforma. Together, the team is positioned to deliver a rigorous plan that advances comprehensive , partnerships , advance while meeting National Institutes of Health expectations for impact and reproducibility.","Aim 1: define the central questions, datasets, and success metrics for comprehensive partnerships to advance cancer health with input from all team members.
Aim 2: test key mechanisms or drivers in comprehensive partnerships to advance cancer health using complementary models, assays, and analytical approaches.
Aim 3: validate findings in relevant human data or specimens and define a dissemination plan to support adoption in real world settings.",https://www.grants.gov/search-grants?query=PAR-25-454
c145785e-a145-4614-80a1-c5586d728b6f,RFA-HG-25-012,"Limited Competition: Outcomes of Electronic Medical Records and Genomics (eMERGE) Genomic Risk Assessment and Management Network - Clinical Sites (U01, Clinical Trial Required)",National Institutes of Health,,,forecasted,,5800000.0,10.0,large,"Nadav Brandes; Liat Shenhav, PhD; Molly Gale Hammell; Aravinda Chakravarti",Limited Competition: Outcomes of Electronic Medical Records and collaborative plan U01,"This opportunity calls for a shared resource or coordinating effort in limited competition: outcomes of electronic medical records and genomics genomic risk assessment and management. Nadav Brandes contributes expertise in large language models (llms) have revolutionized artificial intelligence (ai). Liat Shenhav, PhD contributes expertise in systems microbiology. Molly Gale Hammell contributes expertise in molly gale hammell is an associate professor in the institute for systems genetics at nyu langone health. Aravinda Chakravarti contributes expertise in contributions to science 1. Together, the team is positioned to deliver a rigorous plan that advances competition , assessment , electronic while meeting National Institutes of Health expectations for impact and reproducibility.","Aim 1: define the central questions, datasets, and success metrics for limited competition: outcomes of electronic medical records and genomics genomic with input from all team members.
Aim 2: build and quality control a shared resource for limited competition: outcomes of electronic medical records and genomics genomic, including standardized protocols, data structures, and access pathways.
Aim 3: validate findings in relevant human data or specimens and define a dissemination plan to support adoption in real world settings.",https://www.grants.gov/search-grants?query=RFA-HG-25-012
6c6417e0-a321-48cd-a93d-8dce887d6b55,FOR-HG-25-018,Systematic Characterization of Genomic Variation to Assess Effects of Individual Variants on Genome Function and Phenotype (UM1 Clinical Trials Not Allowed),National Institutes of Health,,,forecasted,,3000000.0,5.0,large,Nadav Brandes; Aravinda Chakravarti; Hakhamanesh Mostafavi; Molly Gale Hammell,Systematic Characterization of Genomic Variation to Assess Effects collaborative plan,"This opportunity supports hypothesis driven work in systematic characterization of genomic variation to assess effects of individual variants on genome function. Nadav Brandes contributes expertise in large language models (llms) have revolutionized artificial intelligence (ai). Aravinda Chakravarti contributes expertise in contributions to science 1. Hakhamanesh Mostafavi contributes expertise in my lab studies the genetic basis of complex human traits and diseases. Molly Gale Hammell contributes expertise in molly gale hammell is an associate professor in the institute for systems genetics at nyu langone health. Together, the team is positioned to deliver a rigorous plan that advances characterization , individual , systematic while meeting National Institutes of Health expectations for impact and reproducibility.","Aim 1: define the central questions, datasets, and success metrics for systematic characterization of genomic variation to assess effects of individual with input from all team members.
Aim 2: test key mechanisms or drivers in systematic characterization of genomic variation to assess effects of individual using complementary models, assays, and analytical approaches.
Aim 3: validate findings in relevant human data or specimens and define a dissemination plan to support adoption in real world settings.",https://www.grants.gov/search-grants?query=FOR-HG-25-018
a12e4f37-c81c-49a5-9c8d-f572ad5cef8f,21-503,Sustaining Infrastructure for Biological Research,U.S. National Science Foundation,,,posted,,5000000.0,3.0,large,Richard Possemato; Nadav Brandes; Catherine Pei-ju Lu,Sustaining Infrastructure for Biological Research collaborative plan,"This opportunity calls for a shared resource or coordinating effort in sustaining infrastructure for biological research. Richard Possemato contributes expertise in i am an associate professor in the department of pathology at nyu school of medicine and co-leader of the cancer cell bi. Nadav Brandes contributes expertise in large language models (llms) have revolutionized artificial intelligence (ai). Catherine Pei-ju Lu contributes expertise in my lab aims to build a comprehensive framework for understanding stem cell biology of the skin, from development to dise. Together, the team is positioned to deliver a rigorous plan that advances infrastructure , biological , sustaining while meeting U.S. National Science Foundation expectations for impact and reproducibility.","Aim 1: define the central questions, datasets, and success metrics for sustaining infrastructure for biological research with input from all team members.
Aim 2: build and quality control a shared resource for sustaining infrastructure for biological research, including standardized protocols, data structures, and access pathways.
Aim 3: validate robustness across settings, publish reproducible workflows, and create a dissemination plan for broad community use.",http://www.nsf.gov/publications/pub_summ.jsp?ods_key=nsf21503
ba7325bb-1f37-4b10-bfbb-61ecb8528831,24-543,Division of Environmental Biology,U.S. National Science Foundation,,,posted,5000000.0,100000000.0,,large,"Jonas Schluter, PhD; Liat Shenhav, PhD; Hakhamanesh Mostafavi; David Fenyo",Division of Environmental Biology collaborative plan,"This opportunity supports hypothesis driven work in division of environmental biology. Jonas Schluter, PhD contributes expertise in systems microbiology, immunology. Liat Shenhav, PhD contributes expertise in systems microbiology. Hakhamanesh Mostafavi contributes expertise in my lab studies the genetic basis of complex human traits and diseases. David Fenyo contributes expertise in in my research i apply mathematical, statistical and computational methods to provide a detailed understanding of the dy. Together, the team is positioned to deliver a rigorous plan that advances environmental , division , biology while meeting U.S. National Science Foundation expectations for impact and reproducibility.","Aim 1: define the central questions, datasets, and success metrics for division of environmental biology with input from all team members.
Aim 2: test key mechanisms or drivers in division of environmental biology using complementary models, assays, and analytical approaches.
Aim 3: validate robustness across settings, publish reproducible workflows, and create a dissemination plan for broad community use.",http://www.nsf.gov/publications/pub_summ.jsp?ods_key=nsf24543
4da9bd7f-6bf3-4b54-9a5c-b82ff115a92c,23-578,Infrastructure Innovation for Biological Research,U.S. National Science Foundation,,,posted,800000.0,18000000.0,40.0,large,David Fenyo; Richard Possemato; Drew Jones,Infrastructure Innovation for Biological Research collaborative plan,"This opportunity calls for a shared resource or coordinating effort in infrastructure innovation for biological research. David Fenyo contributes expertise in in my research i apply mathematical, statistical and computational methods to provide a detailed understanding of the dy. Richard Possemato contributes expertise in i am an associate professor in the department of pathology at nyu school of medicine and co-leader of the cancer cell bi. Drew Jones contributes expertise in the ongoing theme of my work is the invention or adaptation of advanced chromatography and mass spectrometry technology . Together, the team is positioned to deliver a rigorous plan that advances infrastructure , biological , innovation while meeting U.S. National Science Foundation expectations for impact and reproducibility.","Aim 1: define the central questions, datasets, and success metrics for infrastructure innovation for biological research with input from all team members.
Aim 2: build and quality control a shared resource for infrastructure innovation for biological research, including standardized protocols, data structures, and access pathways.
Aim 3: validate robustness across settings, publish reproducible workflows, and create a dissemination plan for broad community use.",http://www.nsf.gov/publications/pub_summ.jsp?ods_key=nsf23578
1346db63-0f5a-483b-a8e6-48156ba10da0,23-580,Infrastructure Capacity for Biological Research,U.S. National Science Foundation,,,posted,1200000.0,18000000.0,60.0,large,Richard Possemato; Drew Jones; Nadav Brandes; Michele Pagano,Infrastructure Capacity for Biological Research collaborative plan,"This opportunity calls for a shared resource or coordinating effort in infrastructure capacity for biological research. Richard Possemato contributes expertise in i am an associate professor in the department of pathology at nyu school of medicine and co-leader of the cancer cell bi. Drew Jones contributes expertise in the ongoing theme of my work is the invention or adaptation of advanced chromatography and mass spectrometry technology . Nadav Brandes contributes expertise in large language models (llms) have revolutionized artificial intelligence (ai). Michele Pagano contributes expertise in our laboratory is interested in how ubiquitin-mediated proteolysis controls the three key dimensions of cellular life: p. Together, the team is positioned to deliver a rigorous plan that advances infrastructure , biological , capacity while meeting U.S. National Science Foundation expectations for impact and reproducibility.","Aim 1: define the central questions, datasets, and success metrics for infrastructure capacity for biological research with input from all team members.
Aim 2: build and quality control a shared resource for infrastructure capacity for biological research, including standardized protocols, data structures, and access pathways.
Aim 3: validate robustness across settings, publish reproducible workflows, and create a dissemination plan for broad community use.",http://www.nsf.gov/publications/pub_summ.jsp?ods_key=nsf23580
ed8489ff-2669-4c34-9322-29d7d0e774ea,PAR-21-321,Cancer Center Support Grants (CCSGs) for NCI-designated Cancer Centers (P30 Clinical Trial Optional),National Institutes of Health,,2026-01-07,posted,1500000.0,,,large,Richard Possemato; Pau Castel; Gregory David,Cancer Center Support Grants for NCI-designated Cancer Centers collaborative plan P30,"This opportunity calls for a shared resource or coordinating effort in cancer center support grants for nci-designated cancer centers. Richard Possemato contributes expertise in i am an associate professor in the department of pathology at nyu school of medicine and co-leader of the cancer cell bi. Pau Castel contributes expertise in the castel laboratory is interested in understanding the molecular mechanisms underlying oncoprotein-mediated transforma. Gregory David contributes expertise in the research conducted in our laboratory centers on the interplay between aging and cancer. Together, the team is positioned to deliver a rigorous plan that advances cancer , designated , centers while meeting National Institutes of Health expectations for impact and reproducibility.","Aim 1: define the central questions, datasets, and success metrics for cancer center support grants for nci-designated cancer centers with input from all team members.
Aim 2: build and quality control a shared resource for cancer center support grants for nci-designated cancer centers, including standardized protocols, data structures, and access pathways.
Aim 3: validate findings in relevant human data or specimens and define a dissemination plan to support adoption in real world settings.",http://grants.nih.gov/grants/guide/pa-files/PAR-21-321.html
e0071a8f-bde5-444a-bd22-f6e7bce40345,FOR-HG-25-020,Genomic Variant Interactions With Other Variants Or The Environment (UM1 Clinical Trials Not Allowed),National Institutes of Health,,,forecasted,,10000000.0,5.0,large,Nadav Brandes; Hakhamanesh Mostafavi; Aravinda Chakravarti,Genomic Variant Interactions With Other Variants Or The collaborative plan,"This opportunity supports hypothesis driven work in genomic variant interactions with other variants or the environment. Nadav Brandes contributes expertise in large language models (llms) have revolutionized artificial intelligence (ai). Hakhamanesh Mostafavi contributes expertise in my lab studies the genetic basis of complex human traits and diseases. Aravinda Chakravarti contributes expertise in contributions to science 1. Together, the team is positioned to deliver a rigorous plan that advances interactions , environment , variants while meeting National Institutes of Health expectations for impact and reproducibility.","Aim 1: define the central questions, datasets, and success metrics for genomic variant interactions with other variants or the environment with input from all team members.
Aim 2: test key mechanisms or drivers in genomic variant interactions with other variants or the environment using complementary models, assays, and analytical approaches.
Aim 3: validate findings in relevant human data or specimens and define a dissemination plan to support adoption in real world settings.",https://www.grants.gov/search-grants?query=FOR-HG-25-020
c223b7bc-1da4-4533-a09f-d35659e6d29b,FOR-HG-25-021,"Computational Modeling and Analysis of the Impact of Genomic Variation on Function (UM1, Clinical Trial Not Allowed)",National Institutes of Health,,,forecasted,,5000000.0,5.0,large,Aravinda Chakravarti; Nadav Brandes; David Fenyo,Computational Modeling and Analysis of the Impact of collaborative plan,"This opportunity supports hypothesis driven work in computational modeling and analysis of the impact of genomic variation on function. Aravinda Chakravarti contributes expertise in contributions to science 1. Nadav Brandes contributes expertise in large language models (llms) have revolutionized artificial intelligence (ai). David Fenyo contributes expertise in in my research i apply mathematical, statistical and computational methods to provide a detailed understanding of the dy. Together, the team is positioned to deliver a rigorous plan that advances computational , variation , analysis while meeting National Institutes of Health expectations for impact and reproducibility.","Aim 1: define the central questions, datasets, and success metrics for computational modeling and analysis of the impact of genomic variation with input from all team members.
Aim 2: develop and benchmark a scalable tool or platform for computational modeling and analysis of the impact of genomic variation that leverages the complementary strengths of the team.
Aim 3: validate findings in relevant human data or specimens and define a dissemination plan to support adoption in real world settings.",https://www.grants.gov/search-grants?query=FOR-HG-25-021
d8dad5bf-fb45-4108-b461-3d83e0a5c046,21-544,Long Term Research in Environmental Biology,U.S. National Science Foundation,,,posted,600000.0,6000000.0,,large,"Hakhamanesh Mostafavi; Liat Shenhav, PhD; Jonas Schluter, PhD",Long Term Research in Environmental Biology collaborative plan,"This opportunity supports hypothesis driven work in long term research in environmental biology. Hakhamanesh Mostafavi contributes expertise in my lab studies the genetic basis of complex human traits and diseases. Liat Shenhav, PhD contributes expertise in systems microbiology. Jonas Schluter, PhD contributes expertise in systems microbiology, immunology. Together, the team is positioned to deliver a rigorous plan that advances environmental , research , biology while meeting U.S. National Science Foundation expectations for impact and reproducibility.","Aim 1: define the central questions, datasets, and success metrics for long term research in environmental biology with input from all team members.
Aim 2: test key mechanisms or drivers in long term research in environmental biology using complementary models, assays, and analytical approaches.
Aim 3: validate robustness across settings, publish reproducible workflows, and create a dissemination plan for broad community use.",http://www.nsf.gov/publications/pub_summ.jsp?ods_key=nsf21544
5f66747e-3c8a-4920-a9f4-0f398a5c91ce,RFA-IP-26-032,Economic and Modeling Analyses to Support Immunization Policy and Programs,Centers for Disease Control and Prevention - ERA,,,forecasted,750000.0,3750000.0,1.0,large,"Adam J. Ratner, MD; Thomas Wisniewski; Jeffrey N. Weiser, MD; Ramin Herati, MD",Economic and Modeling Analyses to Support Immunization Policy collaborative plan,"This opportunity calls for a shared resource or coordinating effort in economic and modeling analyses to support immunization policy and programs. Adam J. Ratner, MD contributes expertise in bacteriology, translational. Thomas Wisniewski contributes expertise in i am a board certified neurologist and neuropathologist. Jeffrey N. Weiser, MD contributes expertise in bacteriology, immunology. Ramin Herati, MD contributes expertise in human immunology, systems immunology. Together, the team is positioned to deliver a rigorous plan that advances immunization , analyses , economic while meeting Centers for Disease Control and Prevention - ERA expectations for impact and reproducibility.","Aim 1: define the central questions, datasets, and success metrics for economic and modeling analyses to support immunization policy and programs with input from all team members.
Aim 2: build and quality control a shared resource for economic and modeling analyses to support immunization policy and programs, including standardized protocols, data structures, and access pathways.
Aim 3: validate robustness across settings, publish reproducible workflows, and create a dissemination plan for broad community use.",https://www.grants.gov/search-grants?query=RFA-IP-26-032
2a6a95f6-61e3-434f-9ec7-2f615e327b4b,25-509,Emerging Mathematics in Biology,U.S. National Science Foundation,,2026-03-02,posted,,6000000.0,15.0,large,"David Fenyo; Liat Shenhav, PhD; Nadav Brandes",Emerging Mathematics in Biology collaborative plan,"This opportunity supports hypothesis driven work in emerging mathematics in biology. David Fenyo contributes expertise in in my research i apply mathematical, statistical and computational methods to provide a detailed understanding of the dy. Liat Shenhav, PhD contributes expertise in systems microbiology. Nadav Brandes contributes expertise in large language models (llms) have revolutionized artificial intelligence (ai). Together, the team is positioned to deliver a rigorous plan that advances mathematics , emerging , biology while meeting U.S. National Science Foundation expectations for impact and reproducibility.","Aim 1: define the central questions, datasets, and success metrics for emerging mathematics in biology with input from all team members.
Aim 2: test key mechanisms or drivers in emerging mathematics in biology using complementary models, assays, and analytical approaches.
Aim 3: validate robustness across settings, publish reproducible workflows, and create a dissemination plan for broad community use.",http://www.nsf.gov/publications/pub_summ.jsp?ods_key=nsf25509
4fa4f79e-d43d-42c9-9269-f219c7bc09df,PAR-25-458,Bioengineering Research Grants (BRG) (R01 Clinical Trial Optional),National Institutes of Health,,,forecasted,,,50.0,large,David Fenyo; Drew Jones; Catherine Pei-ju Lu,Bioengineering Research Grants collaborative plan R01,"This opportunity supports hypothesis driven work in bioengineering research grants. David Fenyo contributes expertise in in my research i apply mathematical, statistical and computational methods to provide a detailed understanding of the dy. Drew Jones contributes expertise in the ongoing theme of my work is the invention or adaptation of advanced chromatography and mass spectrometry technology . Catherine Pei-ju Lu contributes expertise in my lab aims to build a comprehensive framework for understanding stem cell biology of the skin, from development to dise. Together, the team is positioned to deliver a rigorous plan that advances bioengineering , research , grants while meeting National Institutes of Health expectations for impact and reproducibility.","Aim 1: define the central questions, datasets, and success metrics for bioengineering research grants with input from all team members.
Aim 2: develop and benchmark a scalable tool or platform for bioengineering research grants that leverages the complementary strengths of the team.
Aim 3: validate findings in relevant human data or specimens and define a dissemination plan to support adoption in real world settings.",https://www.grants.gov/search-grants?query=PAR-25-458
6044773a-6221-44e4-81e9-e61c47d4119a,PAR-26-064,"Specialized Programs of Research Excellence (SPOREs) in Human Cancers for Years 2027, 2028, and 2029 (P50 Clinical Trial Required)",National Institutes of Health,,,forecasted,,25000000.0,12.0,large,"Gregory David; Catherine Pei-ju Lu; Rachel Zwick; Adam J. Ratner, MD",Specialized Programs of Research Excellence in Human Cancers collaborative plan P50,"This opportunity supports hypothesis driven work in specialized programs of research excellence in human cancers for years 2027, 2028, and 2029. Gregory David contributes expertise in the research conducted in our laboratory centers on the interplay between aging and cancer. Catherine Pei-ju Lu contributes expertise in my lab aims to build a comprehensive framework for understanding stem cell biology of the skin, from development to dise. Rachel Zwick contributes expertise in intestinal organoids; intestinal stem cell derived organoids; organoids that recapitulate positional information in the . Adam J. Ratner, MD contributes expertise in bacteriology, translational. Together, the team is positioned to deliver a rigorous plan that advances specialized , excellence , programs while meeting National Institutes of Health expectations for impact and reproducibility.","Aim 1: define the central questions, datasets, and success metrics for specialized programs of research excellence in human cancers for years with input from all team members.
Aim 2: test key mechanisms or drivers in specialized programs of research excellence in human cancers for years using complementary models, assays, and analytical approaches.
Aim 3: validate findings in relevant human data or specimens and define a dissemination plan to support adoption in real world settings.",https://www.grants.gov/search-grants?query=PAR-26-064
a7a1cee7-9140-4e3d-a87f-a1ddb7025eae,RFA-CA-25-032,Cancer Intervention and Surveillance Modeling Network (CISNET) (U01 Clinical Trial Not Allowed),National Institutes of Health,,2026-02-12,posted,1240000.0,9438000.0,8.0,large,"Richard Possemato; Liat Shenhav, PhD; Pau Castel; Robert J. Schneider, PhD",Cancer Intervention and Surveillance Modeling Network collaborative plan U01,"This opportunity calls for a shared resource or coordinating effort in cancer intervention and surveillance modeling network. Richard Possemato contributes expertise in i am an associate professor in the department of pathology at nyu school of medicine and co-leader of the cancer cell bi. Liat Shenhav, PhD contributes expertise in systems microbiology. Pau Castel contributes expertise in the castel laboratory is interested in understanding the molecular mechanisms underlying oncoprotein-mediated transforma. Robert J. Schneider, PhD contributes expertise in rna biology, translation control. Together, the team is positioned to deliver a rigorous plan that advances intervention , surveillance , modeling while meeting National Institutes of Health expectations for impact and reproducibility.","Aim 1: define the central questions, datasets, and success metrics for cancer intervention and surveillance modeling network with input from all team members.
Aim 2: build and quality control a shared resource for cancer intervention and surveillance modeling network, including standardized protocols, data structures, and access pathways.
Aim 3: validate findings in relevant human data or specimens and define a dissemination plan to support adoption in real world settings.",https://www.grants.gov/search-grants?query=RFA-CA-25-032
00000220-55f5-4691-aec6-6eed51f77f2d,RFA-CA-26-001,Early-Stage Innovative Technology Development for Basic and Clinical Cancer Research (R61 Clinical Trial Not Allowed),National Institutes of Health,,,forecasted,150000.0,4700000.0,17.0,large,"Richard Possemato; Robert J. Schneider, PhD; Kamal M. Khanna, PhD; Drew Jones",Early-Stage Innovative Technology Development for Basic and Clinical collaborative plan R61,"This opportunity supports hypothesis driven work in early-stage innovative technology development for basic and clinical cancer research. Richard Possemato contributes expertise in i am an associate professor in the department of pathology at nyu school of medicine and co-leader of the cancer cell bi. Robert J. Schneider, PhD contributes expertise in rna biology, translation control. Kamal M. Khanna, PhD contributes expertise in immunology, macrophage biology. Drew Jones contributes expertise in the ongoing theme of my work is the invention or adaptation of advanced chromatography and mass spectrometry technology . Together, the team is positioned to deliver a rigorous plan that advances development , innovative , technology while meeting National Institutes of Health expectations for impact and reproducibility.","Aim 1: define the central questions, datasets, and success metrics for early-stage innovative technology development for basic and clinical cancer research with input from all team members.
Aim 2: develop and benchmark a scalable tool or platform for early-stage innovative technology development for basic and clinical cancer research that leverages the complementary strengths of the team.
Aim 3: validate findings in relevant human data or specimens and define a dissemination plan to support adoption in real world settings.",https://www.grants.gov/search-grants?query=RFA-CA-26-001
386ceabf-3def-4e13-b6da-cde46ec50841,24-546,Division of Integrative Organismal Systems Core Programs,U.S. National Science Foundation,,,posted,,70000000.0,,large,"Liat Shenhav, PhD; David Fenyo; Jonas Schluter, PhD",Division of Integrative Organismal Systems Core Programs collaborative plan,"This opportunity supports hypothesis driven work in division of integrative organismal systems core programs. Liat Shenhav, PhD contributes expertise in systems microbiology. David Fenyo contributes expertise in in my research i apply mathematical, statistical and computational methods to provide a detailed understanding of the dy. Jonas Schluter, PhD contributes expertise in systems microbiology, immunology. Together, the team is positioned to deliver a rigorous plan that advances integrative , organismal , division while meeting U.S. National Science Foundation expectations for impact and reproducibility.","Aim 1: define the central questions, datasets, and success metrics for division of integrative organismal systems core programs with input from all team members.
Aim 2: build and quality control a shared resource for division of integrative organismal systems core programs, including standardized protocols, data structures, and access pathways.
Aim 3: validate robustness across settings, publish reproducible workflows, and create a dissemination plan for broad community use.",http://www.nsf.gov/publications/pub_summ.jsp?ods_key=nsf24546
24e288b3-ec28-4135-b845-37ace28563e3,RFA-CA-26-002,Advanced Development and Validation of Emerging Technologies for Basic and Clinical Cancer Research (R33 Clinical Trial Not Allowed),National Institutes of Health,,,forecasted,300000.0,4500000.0,9.0,large,"Richard Possemato; Robert J. Schneider, PhD; Pau Castel; Gregory David",Advanced Development and Validation of Emerging Technologies for collaborative plan R33,"This opportunity supports hypothesis driven work in advanced development and validation of emerging technologies for basic and clinical cancer research. Richard Possemato contributes expertise in i am an associate professor in the department of pathology at nyu school of medicine and co-leader of the cancer cell bi. Robert J. Schneider, PhD contributes expertise in rna biology, translation control. Pau Castel contributes expertise in the castel laboratory is interested in understanding the molecular mechanisms underlying oncoprotein-mediated transforma. Gregory David contributes expertise in the research conducted in our laboratory centers on the interplay between aging and cancer. Together, the team is positioned to deliver a rigorous plan that advances technologies , development , validation while meeting National Institutes of Health expectations for impact and reproducibility.","Aim 1: define the central questions, datasets, and success metrics for advanced development and validation of emerging technologies for basic and with input from all team members.
Aim 2: test key mechanisms or drivers in advanced development and validation of emerging technologies for basic and using complementary models, assays, and analytical approaches.
Aim 3: validate findings in relevant human data or specimens and define a dissemination plan to support adoption in real world settings.",https://www.grants.gov/search-grants?query=RFA-CA-26-002
2aaa85ab-169c-432e-806b-95a859bc94e2,FOR-HG-25-026,"GREGoRi Data Coordination and Outreach Center (U01, Clinical Trials Not Allowed)",National Institutes of Health,,,forecasted,,2000000.0,1.0,large,Nadav Brandes; Hakhamanesh Mostafavi; Molly Gale Hammell,GREGoRi Data Coordination and Outreach Center collaborative plan U01,"This opportunity calls for a shared resource or coordinating effort in gregori data coordination and outreach center. Nadav Brandes contributes expertise in large language models (llms) have revolutionized artificial intelligence (ai). Hakhamanesh Mostafavi contributes expertise in my lab studies the genetic basis of complex human traits and diseases. Molly Gale Hammell contributes expertise in molly gale hammell is an associate professor in the institute for systems genetics at nyu langone health. Together, the team is positioned to deliver a rigorous plan that advances coordination , outreach , gregori while meeting National Institutes of Health expectations for impact and reproducibility.","Aim 1: define the central questions, datasets, and success metrics for gregori data coordination and outreach center with input from all team members.
Aim 2: build and quality control a shared resource for gregori data coordination and outreach center, including standardized protocols, data structures, and access pathways.
Aim 3: validate findings in relevant human data or specimens and define a dissemination plan to support adoption in real world settings.",https://www.grants.gov/search-grants?query=FOR-HG-25-026
44f4153f-d9bb-43dc-98f7-876bf8f9971c,FOR-HG-25-027,"GREGoRi Technology Integration Center (U01, Clinical Trials Optional)",National Institutes of Health,,,forecasted,,3000000.0,1.0,large,Nadav Brandes; Hakhamanesh Mostafavi; Molly Gale Hammell,GREGoRi Technology Integration Center collaborative plan U01,"This opportunity calls for a shared resource or coordinating effort in gregori technology integration center. Nadav Brandes contributes expertise in large language models (llms) have revolutionized artificial intelligence (ai). Hakhamanesh Mostafavi contributes expertise in my lab studies the genetic basis of complex human traits and diseases. Molly Gale Hammell contributes expertise in molly gale hammell is an associate professor in the institute for systems genetics at nyu langone health. Together, the team is positioned to deliver a rigorous plan that advances integration , technology , gregori while meeting National Institutes of Health expectations for impact and reproducibility.","Aim 1: define the central questions, datasets, and success metrics for gregori technology integration center with input from all team members.
Aim 2: build and quality control a shared resource for gregori technology integration center, including standardized protocols, data structures, and access pathways.
Aim 3: validate findings in relevant human data or specimens and define a dissemination plan to support adoption in real world settings.",https://www.grants.gov/search-grants?query=FOR-HG-25-027
24a79fb8-00ef-4e9f-a8d8-b08fe1f3dd2f,RFA-IP-26-100,Preparedness for and Prevention of Severe Disease and Sequelae of Respiratory Viruses and Other Respiratory Pathogens,Centers for Disease Control and Prevention - ERA,,,forecasted,2000000.0,50000000.0,5.0,large,"Jeffrey N. Weiser, MD; Mila B. Ortigoza, MD, PhD; Liat Shenhav, PhD",Preparedness for and Prevention of Severe Disease and collaborative plan,"This opportunity supports hypothesis driven work in preparedness for and prevention of severe disease and sequelae of respiratory viruses and other. Jeffrey N. Weiser, MD contributes expertise in bacteriology, immunology. Mila B. Ortigoza, MD, PhD contributes expertise in translational virology, clinical infectious diseases. Liat Shenhav, PhD contributes expertise in systems microbiology. Together, the team is positioned to deliver a rigorous plan that advances respiratory , preparedness , prevention while meeting Centers for Disease Control and Prevention - ERA expectations for impact and reproducibility.","Aim 1: define the central questions, datasets, and success metrics for preparedness for and prevention of severe disease and sequelae of with input from all team members.
Aim 2: test key mechanisms or drivers in preparedness for and prevention of severe disease and sequelae of using complementary models, assays, and analytical approaches.
Aim 3: validate robustness across settings, publish reproducible workflows, and create a dissemination plan for broad community use.",https://www.grants.gov/search-grants?query=RFA-IP-26-100
e1c0a0df-a73b-4d36-bcf7-f218c13322ac,24-539,Division of Molecular and Cellular Biosciences Core Programs,U.S. National Science Foundation,,,posted,,110000000.0,,large,Gregory David; Catherine Pei-ju Lu; Paolo Mita,Division of Molecular and Cellular Biosciences Core Programs collaborative plan,"This opportunity supports hypothesis driven work in division of molecular and cellular biosciences core programs. Gregory David contributes expertise in the research conducted in our laboratory centers on the interplay between aging and cancer. Catherine Pei-ju Lu contributes expertise in my lab aims to build a comprehensive framework for understanding stem cell biology of the skin, from development to dise. Paolo Mita contributes expertise in transposable elements (te) are sequences of dna that are capable of moving within a host genome, and thus are often refe. Together, the team is positioned to deliver a rigorous plan that advances biosciences , molecular , cellular while meeting U.S. National Science Foundation expectations for impact and reproducibility.","Aim 1: define the central questions, datasets, and success metrics for division of molecular and cellular biosciences core programs with input from all team members.
Aim 2: build and quality control a shared resource for division of molecular and cellular biosciences core programs, including standardized protocols, data structures, and access pathways.
Aim 3: validate robustness across settings, publish reproducible workflows, and create a dissemination plan for broad community use.",http://www.nsf.gov/publications/pub_summ.jsp?ods_key=nsf24539
5a7d9aa5-d0d9-4bb3-841b-0edddd5c71ee,24-510,Collaborative Research in Computational Neuroscience,U.S. National Science Foundation,,,posted,,30000000.0,30.0,large,"David Fenyo; Alejandro Pironti, PhD; Drew Jones; Jonas Schluter, PhD",Collaborative Research in Computational Neuroscience collaborative plan,"This opportunity supports hypothesis driven work in collaborative research in computational neuroscience. David Fenyo contributes expertise in in my research i apply mathematical, statistical and computational methods to provide a detailed understanding of the dy. Alejandro Pironti, PhD contributes expertise in microbial genomics, antimicrobial resistance. Drew Jones contributes expertise in the ongoing theme of my work is the invention or adaptation of advanced chromatography and mass spectrometry technology . Jonas Schluter, PhD contributes expertise in systems microbiology, immunology. Together, the team is positioned to deliver a rigorous plan that advances collaborative , computational , neuroscience while meeting U.S. National Science Foundation expectations for impact and reproducibility.","Aim 1: define the central questions, datasets, and success metrics for collaborative research in computational neuroscience with input from all team members.
Aim 2: develop and benchmark a scalable tool or platform for collaborative research in computational neuroscience that leverages the complementary strengths of the team.
Aim 3: validate robustness across settings, publish reproducible workflows, and create a dissemination plan for broad community use.",http://www.nsf.gov/publications/pub_summ.jsp?ods_key=nsf24510
e8270680-ae40-4ab8-88b2-67a574a2638b,20-576,Plant Biotic Interactions,U.S. National Science Foundation,,,posted,,18500000.0,30.0,large,"Alejandro Pironti, PhD; James Lee, PhD; Angus C. Wilson, PhD; Jeffrey N. Weiser, MD",Plant Biotic Interactions collaborative plan,"This opportunity supports hypothesis driven work in plant biotic interactions. Alejandro Pironti, PhD contributes expertise in microbial genomics, antimicrobial resistance. James Lee, PhD contributes expertise in structural biology, host-pathogen interactions. Angus C. Wilson, PhD contributes expertise in virology, rna processing. Jeffrey N. Weiser, MD contributes expertise in bacteriology, immunology. Together, the team is positioned to deliver a rigorous plan that advances interactions , biotic , plant while meeting U.S. National Science Foundation expectations for impact and reproducibility.","Aim 1: define the central questions, datasets, and success metrics for plant biotic interactions with input from all team members.
Aim 2: test key mechanisms or drivers in plant biotic interactions using complementary models, assays, and analytical approaches.
Aim 3: validate robustness across settings, publish reproducible workflows, and create a dissemination plan for broad community use.",http://www.nsf.gov/publications/pub_summ.jsp?ods_key=nsf20576
62055c6f-fb0d-4d3d-afd8-588672039c38,FOR-AI-27-024,Impact of Initial Influenza Exposure on Immunity in Infants,National Institutes of Health,,,forecasted,,10000000.0,3.0,large,"Mila B. Ortigoza, MD, PhD; Ralf Duerr, MD, PhD; Benjamin tenOever, PhD",Impact of Initial Influenza Exposure on Immunity in collaborative plan,"This opportunity supports hypothesis driven work in impact of initial influenza exposure on immunity in infants. Mila B. Ortigoza, MD, PhD contributes expertise in translational virology, clinical infectious diseases. Ralf Duerr, MD, PhD contributes expertise in viral immunology, vaccine responses. Benjamin tenOever, PhD contributes expertise in virology, post-transcriptional. Together, the team is positioned to deliver a rigorous plan that advances influenza , exposure , immunity while meeting National Institutes of Health expectations for impact and reproducibility.","Aim 1: define the central questions, datasets, and success metrics for impact of initial influenza exposure on immunity in infants with input from all team members.
Aim 2: test key mechanisms or drivers in impact of initial influenza exposure on immunity in infants using complementary models, assays, and analytical approaches.
Aim 3: validate robustness across settings, publish reproducible workflows, and create a dissemination plan for broad community use.",https://www.grants.gov/search-grants?query=FOR-AI-27-024
5c4969d5-f078-4caa-b8d3-2b7b2b94cbe7,FOR-CA-25-087,Forecast to Publish a Notice of Funding Opportunity for Small Business Transition Grant For Early Career Scientists (R41/R42 Clinical Trial Not Allowed),National Institutes of Health,,,forecasted,,,20.0,large,Richard Possemato; Aravinda Chakravarti; esteban o mazzoni,Forecast to Publish a Notice of Funding Opportunity collaborative plan R41,"This opportunity emphasizes workforce development and dissemination in forecast to publish a notice of funding opportunity for small business transition grant for. Richard Possemato contributes expertise in i am an associate professor in the department of pathology at nyu school of medicine and co-leader of the cancer cell bi. Aravinda Chakravarti contributes expertise in contributions to science 1. esteban o mazzoni contributes expertise in we are passionate about understanding how cells acquire the functions required by a multicellular organism like the comp. Together, the team is positioned to deliver a rigorous plan that advances opportunity , scientists , transition while meeting National Institutes of Health expectations for impact and reproducibility.","Aim 1: define the central questions, datasets, and success metrics for forecast to publish a notice of funding opportunity for small with input from all team members.
Aim 2: test key mechanisms or drivers in forecast to publish a notice of funding opportunity for small using complementary models, assays, and analytical approaches.
Aim 3: validate findings in relevant human data or specimens and define a dissemination plan to support adoption in real world settings.",https://www.grants.gov/search-grants?query=FOR-CA-25-087
edf28bb0-dc5a-4d48-93f9-037a9728e13c,22-591,Opportunities for Promoting Understanding through Synthesis,U.S. National Science Foundation,,,posted,350000.0,3000000.0,15.0,large,Hakhamanesh Mostafavi; Catherine Pei-ju Lu; Richard Possemato,Opportunities for Promoting Understanding through Synthesis collaborative plan,"This opportunity supports hypothesis driven work in opportunities for promoting understanding through synthesis. Hakhamanesh Mostafavi contributes expertise in my lab studies the genetic basis of complex human traits and diseases. Catherine Pei-ju Lu contributes expertise in my lab aims to build a comprehensive framework for understanding stem cell biology of the skin, from development to dise. Richard Possemato contributes expertise in i am an associate professor in the department of pathology at nyu school of medicine and co-leader of the cancer cell bi. Together, the team is positioned to deliver a rigorous plan that advances opportunities , understanding , promoting while meeting U.S. National Science Foundation expectations for impact and reproducibility.","Aim 1: define the central questions, datasets, and success metrics for opportunities for promoting understanding through synthesis with input from all team members.
Aim 2: test key mechanisms or drivers in opportunities for promoting understanding through synthesis using complementary models, assays, and analytical approaches.
Aim 3: validate robustness across settings, publish reproducible workflows, and create a dissemination plan for broad community use.",http://www.nsf.gov/publications/pub_summ.jsp?ods_key=nsf22591
f2fb62da-c1e8-405b-b76a-d4908c51f2c3,NOT-CA-25-042,Forecast to Publish a Notice of Funding Opportunity (NOFO) for NCI Community Oncology Research Program (NCORP) Research Bases (UG1 Clinical Trial Required),National Institutes of Health,,,forecasted,,60000000.0,7.0,large,"Richard Possemato; Gregory David; Pau Castel; Robert J. Schneider, PhD",Forecast to Publish a Notice of Funding Opportunity collaborative plan,"This opportunity supports hypothesis driven work in forecast to publish a notice of funding opportunity for nci community oncology research program. Richard Possemato contributes expertise in i am an associate professor in the department of pathology at nyu school of medicine and co-leader of the cancer cell bi. Gregory David contributes expertise in the research conducted in our laboratory centers on the interplay between aging and cancer. Pau Castel contributes expertise in the castel laboratory is interested in understanding the molecular mechanisms underlying oncoprotein-mediated transforma. Robert J. Schneider, PhD contributes expertise in rna biology, translation control. Together, the team is positioned to deliver a rigorous plan that advances research , opportunity , community while meeting National Institutes of Health expectations for impact and reproducibility.","Aim 1: define the central questions, datasets, and success metrics for forecast to publish a notice of funding opportunity for nci with input from all team members.
Aim 2: test key mechanisms or drivers in forecast to publish a notice of funding opportunity for nci using complementary models, assays, and analytical approaches.
Aim 3: validate findings in relevant human data or specimens and define a dissemination plan to support adoption in real world settings.",https://www.grants.gov/search-grants?query=NOT-CA-25-042
2c746e95-e5dd-4bb4-af3e-ced726720d88,NOT-CA-25-043,Forecast to Publish a Notice of Funding Opportunity (NOFO) for NCI Community Oncology Research Program (NCORP) Community Sites (UG1 Clinical Trial Not Allowed),National Institutes of Health,,,forecasted,,73000000.0,50.0,large,"Richard Possemato; Jonas Schluter, PhD; Jane Skok; Pau Castel",Forecast to Publish a Notice of Funding Opportunity collaborative plan,"This opportunity supports hypothesis driven work in forecast to publish a notice of funding opportunity for nci community oncology research program. Richard Possemato contributes expertise in i am an associate professor in the department of pathology at nyu school of medicine and co-leader of the cancer cell bi. Jonas Schluter, PhD contributes expertise in systems microbiology, immunology. Jane Skok contributes expertise in to uncover how ctcf/ctcfl, cohesin, transcription factors, and nucleosomes generate tunable insulation and state-specifi. Pau Castel contributes expertise in the castel laboratory is interested in understanding the molecular mechanisms underlying oncoprotein-mediated transforma. Together, the team is positioned to deliver a rigorous plan that advances community , opportunity , forecast while meeting National Institutes of Health expectations for impact and reproducibility.","Aim 1: define the central questions, datasets, and success metrics for forecast to publish a notice of funding opportunity for nci with input from all team members.
Aim 2: test key mechanisms or drivers in forecast to publish a notice of funding opportunity for nci using complementary models, assays, and analytical approaches.
Aim 3: validate findings in relevant human data or specimens and define a dissemination plan to support adoption in real world settings.",https://www.grants.gov/search-grants?query=NOT-CA-25-043
e749b186-9043-4eb2-9288-4833ede537f7,NOT-CA-25-044,Forecast to Publish a Notice of Funding Opportunity (NOFO) for NCI Community Oncology Research Program (NCORP) Academic Community Sites (UG1 Clinical Trials Not Allowed),National Institutes of Health,,,forecasted,,73000000.0,50.0,large,"Richard Possemato; Jonas Schluter, PhD; Adam J. Ratner, MD; Jane Skok",Forecast to Publish a Notice of Funding Opportunity collaborative plan,"This opportunity supports hypothesis driven work in forecast to publish a notice of funding opportunity for nci community oncology research program. Richard Possemato contributes expertise in i am an associate professor in the department of pathology at nyu school of medicine and co-leader of the cancer cell bi. Jonas Schluter, PhD contributes expertise in systems microbiology, immunology. Adam J. Ratner, MD contributes expertise in bacteriology, translational. Jane Skok contributes expertise in to uncover how ctcf/ctcfl, cohesin, transcription factors, and nucleosomes generate tunable insulation and state-specifi. Together, the team is positioned to deliver a rigorous plan that advances community , opportunity , academic while meeting National Institutes of Health expectations for impact and reproducibility.","Aim 1: define the central questions, datasets, and success metrics for forecast to publish a notice of funding opportunity for nci with input from all team members.
Aim 2: test key mechanisms or drivers in forecast to publish a notice of funding opportunity for nci using complementary models, assays, and analytical approaches.
Aim 3: validate findings in relevant human data or specimens and define a dissemination plan to support adoption in real world settings.",https://www.grants.gov/search-grants?query=NOT-CA-25-044
a92e81f1-7fe0-477d-9d2d-125022f6fdaa,21-508,Transitions to Excellence in Molecular and Cellular Biosciences Research,U.S. National Science Foundation,,,posted,,6000000.0,8.0,large,Catherine Pei-ju Lu; Gregory David; Molly Gale Hammell; Richard Possemato,Transitions to Excellence in Molecular and Cellular Biosciences collaborative plan,"This opportunity supports hypothesis driven work in transitions to excellence in molecular and cellular biosciences research. Catherine Pei-ju Lu contributes expertise in my lab aims to build a comprehensive framework for understanding stem cell biology of the skin, from development to dise. Gregory David contributes expertise in the research conducted in our laboratory centers on the interplay between aging and cancer. Molly Gale Hammell contributes expertise in molly gale hammell is an associate professor in the institute for systems genetics at nyu langone health. Richard Possemato contributes expertise in i am an associate professor in the department of pathology at nyu school of medicine and co-leader of the cancer cell bi. Together, the team is positioned to deliver a rigorous plan that advances biosciences , transitions , excellence while meeting U.S. National Science Foundation expectations for impact and reproducibility.","Aim 1: define the central questions, datasets, and success metrics for transitions to excellence in molecular and cellular biosciences research with input from all team members.
Aim 2: test key mechanisms or drivers in transitions to excellence in molecular and cellular biosciences research using complementary models, assays, and analytical approaches.
Aim 3: validate robustness across settings, publish reproducible workflows, and create a dissemination plan for broad community use.",http://www.nsf.gov/publications/pub_summ.jsp?ods_key=nsf21508
5edf6eec-e8eb-4a55-a914-5c6077ef8e64,RFA-DK-27-116,The NIDDK Inflammatory Bowel Disease Genetics Consortium (IBDGC) Genomic Research Centers,National Institutes of Health,,,forecasted,,6400000.0,9.0,large,"Jonas Schluter, PhD; Catherine Pei-ju Lu; Nadav Brandes; Hakhamanesh Mostafavi",The NIDDK Inflammatory Bowel Disease Genetics Consortium Genomic collaborative plan,"This opportunity calls for a shared resource or coordinating effort in the niddk inflammatory bowel disease genetics consortium genomic research centers. Jonas Schluter, PhD contributes expertise in systems microbiology, immunology. Catherine Pei-ju Lu contributes expertise in my lab aims to build a comprehensive framework for understanding stem cell biology of the skin, from development to dise. Nadav Brandes contributes expertise in large language models (llms) have revolutionized artificial intelligence (ai). Hakhamanesh Mostafavi contributes expertise in my lab studies the genetic basis of complex human traits and diseases. Together, the team is positioned to deliver a rigorous plan that advances inflammatory , consortium , genetics while meeting National Institutes of Health expectations for impact and reproducibility.","Aim 1: define the central questions, datasets, and success metrics for the niddk inflammatory bowel disease genetics consortium genomic research centers with input from all team members.
Aim 2: build and quality control a shared resource for the niddk inflammatory bowel disease genetics consortium genomic research centers, including standardized protocols, data structures, and access pathways.
Aim 3: validate robustness across settings, publish reproducible workflows, and create a dissemination plan for broad community use.",https://www.grants.gov/search-grants?query=RFA-DK-27-116
78a9c523-d495-4606-a9c2-b67724d68434,FOR-CA-25-089,Forecast to Publish a Notice of Funding Opportunity for The Experimental Therapeutics Clinical Trials Network (ETCTN) Lead Academic Organizations (UM1 Clinical Trial Required),National Institutes of Health,,,forecasted,,12000000.0,6.0,large,Richard Possemato; Drew Jones; Pau Castel; Michele Pagano,Forecast to Publish a Notice of Funding Opportunity collaborative plan,"This opportunity calls for a shared resource or coordinating effort in forecast to publish a notice of funding opportunity for the experimental therapeutics clinical trials. Richard Possemato contributes expertise in i am an associate professor in the department of pathology at nyu school of medicine and co-leader of the cancer cell bi. Drew Jones contributes expertise in the ongoing theme of my work is the invention or adaptation of advanced chromatography and mass spectrometry technology . Pau Castel contributes expertise in the castel laboratory is interested in understanding the molecular mechanisms underlying oncoprotein-mediated transforma. Michele Pagano contributes expertise in our laboratory is interested in how ubiquitin-mediated proteolysis controls the three key dimensions of cellular life: p. Together, the team is positioned to deliver a rigorous plan that advances organizations , experimental , therapeutics while meeting National Institutes of Health expectations for impact and reproducibility.","Aim 1: define the central questions, datasets, and success metrics for forecast to publish a notice of funding opportunity for the with input from all team members.
Aim 2: build and quality control a shared resource for forecast to publish a notice of funding opportunity for the, including standardized protocols, data structures, and access pathways.
Aim 3: validate findings in relevant human data or specimens and define a dissemination plan to support adoption in real world settings.",https://www.grants.gov/search-grants?query=FOR-CA-25-089
50331a23-c800-4eb5-af5a-d74df99b844c,NOT-CA-25-105,Forecast to Publish a Notice of Funding Opportunity for Paul Calabresi Career Development Award in Clinical Oncology (K12 Clinical Trial Optional),National Institutes of Health,,,forecasted,,,15.0,large,Richard Possemato; Jane Skok; Michele Pagano; Gregory David,Forecast to Publish a Notice of Funding Opportunity collaborative plan K12,"This opportunity emphasizes workforce development and dissemination in forecast to publish a notice of funding opportunity for paul calabresi career development award. Richard Possemato contributes expertise in i am an associate professor in the department of pathology at nyu school of medicine and co-leader of the cancer cell bi. Jane Skok contributes expertise in to uncover how ctcf/ctcfl, cohesin, transcription factors, and nucleosomes generate tunable insulation and state-specifi. Michele Pagano contributes expertise in our laboratory is interested in how ubiquitin-mediated proteolysis controls the three key dimensions of cellular life: p. Gregory David contributes expertise in the research conducted in our laboratory centers on the interplay between aging and cancer. Together, the team is positioned to deliver a rigorous plan that advances development , opportunity , calabresi while meeting National Institutes of Health expectations for impact and reproducibility.","Aim 1: define the central questions, datasets, and success metrics for forecast to publish a notice of funding opportunity for paul with input from all team members.
Aim 2: test key mechanisms or drivers in forecast to publish a notice of funding opportunity for paul using complementary models, assays, and analytical approaches.
Aim 3: validate findings in relevant human data or specimens and define a dissemination plan to support adoption in real world settings.",https://www.grants.gov/search-grants?query=NOT-CA-25-105
a0addd1f-4f71-4424-922d-2b652a5b619d,PD-24-1699,Cognitive Neuroscience,U.S. National Science Foundation,,2026-02-02,posted,,,25.0,large,Nadav Brandes; Drew Jones; David Fenyo; Pau Castel,Cognitive Neuroscience collaborative plan,"This opportunity supports hypothesis driven work in cognitive neuroscience. Nadav Brandes contributes expertise in large language models (llms) have revolutionized artificial intelligence (ai). Drew Jones contributes expertise in the ongoing theme of my work is the invention or adaptation of advanced chromatography and mass spectrometry technology . David Fenyo contributes expertise in in my research i apply mathematical, statistical and computational methods to provide a detailed understanding of the dy. Pau Castel contributes expertise in the castel laboratory is interested in understanding the molecular mechanisms underlying oncoprotein-mediated transforma. Together, the team is positioned to deliver a rigorous plan that advances neuroscience , cognitive while meeting U.S. National Science Foundation expectations for impact and reproducibility.","Aim 1: define the central questions, datasets, and success metrics for cognitive neuroscience with input from all team members.
Aim 2: test key mechanisms or drivers in cognitive neuroscience using complementary models, assays, and analytical approaches.
Aim 3: validate robustness across settings, publish reproducible workflows, and create a dissemination plan for broad community use.",http://www.nsf.gov/funding/pgm_summ.jsp?pims_id=506244
91ba0827-26cf-4e34-a859-af4d961771ef,HRSA-26-035,Ruth L. Kirschstein National Research Service Award Institutional Research Training Grant (NRSA),Health Resources and Services Administration,,,forecasted,500000.0,5980000.0,12.0,large,"Richard Possemato; Stefan Feske; Mila B. Ortigoza, MD, PhD",Ruth L. Kirschstein National Research Service Award Institutional collaborative plan,"This opportunity emphasizes workforce development and dissemination in ruth l. kirschstein national research service award institutional research training grant. Richard Possemato contributes expertise in i am an associate professor in the department of pathology at nyu school of medicine and co-leader of the cancer cell bi. Stefan Feske contributes expertise in dr. Mila B. Ortigoza, MD, PhD contributes expertise in translational virology, clinical infectious diseases. Together, the team is positioned to deliver a rigorous plan that advances research , institutional , kirschstein while meeting Health Resources and Services Administration expectations for impact and reproducibility.","Aim 1: define the central questions, datasets, and success metrics for ruth l. kirschstein national research service award institutional research training with input from all team members.
Aim 2: test key mechanisms or drivers in ruth l. kirschstein national research service award institutional research training using complementary models, assays, and analytical approaches.
Aim 3: validate robustness across settings, publish reproducible workflows, and create a dissemination plan for broad community use.",https://www.grants.gov/search-grants?query=HRSA-26-035
c77bfe49-deb3-4b05-9c9d-438d533c7a3e,24-505,Designing Synthetic Cells Beyond the Bounds of Evolution,U.S. National Science Foundation,,2026-02-02,posted,2000000.0,6000000.0,7.0,large,esteban o mazzoni; Elaine (Lyn) Wilson; Ran Brosh; Andrea H. Brand,Designing Synthetic Cells Beyond the Bounds of Evolution collaborative plan,"This opportunity supports hypothesis driven work in designing synthetic cells beyond the bounds of evolution. esteban o mazzoni contributes expertise in we are passionate about understanding how cells acquire the functions required by a multicellular organism like the comp. Elaine (Lyn) Wilson contributes expertise in my major contributions have been to the field of tumor cell biology, and more recently to the relationship between norma. Ran Brosh contributes expertise in i have two roles: [1] as faculty at isg/pathology i am leading the dark matter project, a collaborative effort to use sy. Andrea H. Brand contributes expertise in neural stem cells in the adult brain exist primarily in a quiescent state but can be reactivated in response to changing. Together, the team is positioned to deliver a rigorous plan that advances designing , evolution , synthetic while meeting U.S. National Science Foundation expectations for impact and reproducibility.","Aim 1: define the central questions, datasets, and success metrics for designing synthetic cells beyond the bounds of evolution with input from all team members.
Aim 2: test key mechanisms or drivers in designing synthetic cells beyond the bounds of evolution using complementary models, assays, and analytical approaches.
Aim 3: validate robustness across settings, publish reproducible workflows, and create a dissemination plan for broad community use.",http://www.nsf.gov/publications/pub_summ.jsp?ods_key=nsf24505
44151ce8-0fad-4f18-84a2-c8748178958e,NOT-RM-25-034,Genome Sequencing Center for the Gabriella Miller Kids First Pediatric Research Program (U24 Clinical Trial Not Allowed),National Institutes of Health,,,forecasted,,6600000.0,,large,Pau Castel; Richard Possemato; Catherine Pei-ju Lu; David Fenyo,Genome Sequencing Center for the Gabriella Miller Kids collaborative plan U24,"This opportunity calls for a shared resource or coordinating effort in genome sequencing center for the gabriella miller kids first pediatric research program. Pau Castel contributes expertise in the castel laboratory is interested in understanding the molecular mechanisms underlying oncoprotein-mediated transforma. Richard Possemato contributes expertise in i am an associate professor in the department of pathology at nyu school of medicine and co-leader of the cancer cell bi. Catherine Pei-ju Lu contributes expertise in my lab aims to build a comprehensive framework for understanding stem cell biology of the skin, from development to dise. David Fenyo contributes expertise in in my research i apply mathematical, statistical and computational methods to provide a detailed understanding of the dy. Together, the team is positioned to deliver a rigorous plan that advances sequencing , gabriella , pediatric while meeting National Institutes of Health expectations for impact and reproducibility.","Aim 1: define the central questions, datasets, and success metrics for genome sequencing center for the gabriella miller kids first pediatric with input from all team members.
Aim 2: build and quality control a shared resource for genome sequencing center for the gabriella miller kids first pediatric, including standardized protocols, data structures, and access pathways.
Aim 3: validate findings in relevant human data or specimens and define a dissemination plan to support adoption in real world settings.",https://www.grants.gov/search-grants?query=NOT-RM-25-034
2956f460-56af-459c-bd3e-a62fd0d30ed3,NOT-CA-25-102,Forecast to Publish a Notice of Funding Opportunity for Academic Career Excellence (ACE) Award (K32 - Clinical Trial Required),National Institutes of Health,,,forecasted,,,120.0,large,"Richard Possemato; Drew Jones; Thomas Wisniewski; James Lee, PhD",Forecast to Publish a Notice of Funding Opportunity collaborative plan K32,"This opportunity emphasizes workforce development and dissemination in forecast to publish a notice of funding opportunity for academic career excellence award. Richard Possemato contributes expertise in i am an associate professor in the department of pathology at nyu school of medicine and co-leader of the cancer cell bi. Drew Jones contributes expertise in the ongoing theme of my work is the invention or adaptation of advanced chromatography and mass spectrometry technology . Thomas Wisniewski contributes expertise in i am a board certified neurologist and neuropathologist. James Lee, PhD contributes expertise in structural biology, host-pathogen interactions. Together, the team is positioned to deliver a rigorous plan that advances opportunity , excellence , academic while meeting National Institutes of Health expectations for impact and reproducibility.","Aim 1: define the central questions, datasets, and success metrics for forecast to publish a notice of funding opportunity for academic with input from all team members.
Aim 2: test key mechanisms or drivers in forecast to publish a notice of funding opportunity for academic using complementary models, assays, and analytical approaches.
Aim 3: validate findings in relevant human data or specimens and define a dissemination plan to support adoption in real world settings.",https://www.grants.gov/search-grants?query=NOT-CA-25-102
fbbfa363-0d19-49dc-9140-0ab730317b06,NOT-CA-25-103,Notice to Publish a Funding Opportunity Announcement for the Academic Career Excellence (ACE) Award (K32 - Independent Clinical Trial Not Allowed),National Institutes of Health,,,forecasted,,,120.0,large,Richard Possemato; Drew Jones; Thomas Wisniewski,Notice to Publish a Funding Opportunity Announcement for collaborative plan K32,"This opportunity emphasizes workforce development and dissemination in notice to publish a funding opportunity announcement for the academic career excellence award. Richard Possemato contributes expertise in i am an associate professor in the department of pathology at nyu school of medicine and co-leader of the cancer cell bi. Drew Jones contributes expertise in the ongoing theme of my work is the invention or adaptation of advanced chromatography and mass spectrometry technology . Thomas Wisniewski contributes expertise in i am a board certified neurologist and neuropathologist. Together, the team is positioned to deliver a rigorous plan that advances announcement , opportunity , excellence while meeting National Institutes of Health expectations for impact and reproducibility.","Aim 1: define the central questions, datasets, and success metrics for notice to publish a funding opportunity announcement for the academic with input from all team members.
Aim 2: test key mechanisms or drivers in notice to publish a funding opportunity announcement for the academic using complementary models, assays, and analytical approaches.
Aim 3: validate findings in relevant human data or specimens and define a dissemination plan to support adoption in real world settings.",https://www.grants.gov/search-grants?query=NOT-CA-25-103
bff7d656-b162-4dd9-9f3c-33087d58a7c1,PD-22-7334,Mathematical Biology,U.S. National Science Foundation,,2026-10-14,posted,,,30.0,large,"Richard Possemato; David Fenyo; Robert J. Schneider, PhD; Liat Shenhav, PhD",Mathematical Biology collaborative plan,"This opportunity supports hypothesis driven work in mathematical biology. Richard Possemato contributes expertise in i am an associate professor in the department of pathology at nyu school of medicine and co-leader of the cancer cell bi. David Fenyo contributes expertise in in my research i apply mathematical, statistical and computational methods to provide a detailed understanding of the dy. Robert J. Schneider, PhD contributes expertise in rna biology, translation control. Liat Shenhav, PhD contributes expertise in systems microbiology. Together, the team is positioned to deliver a rigorous plan that advances mathematical , biology while meeting U.S. National Science Foundation expectations for impact and reproducibility.","Aim 1: define the central questions, datasets, and success metrics for mathematical biology with input from all team members.
Aim 2: test key mechanisms or drivers in mathematical biology using complementary models, assays, and analytical approaches.
Aim 3: validate robustness across settings, publish reproducible workflows, and create a dissemination plan for broad community use.",http://www.nsf.gov/funding/pgm_summ.jsp?pims_id=5690
95d8c541-2ee0-40cc-960c-61b524d2babd,PAR-26-043,Silvio O. Conte Centers for Basic Neuroscience or Translational Mental Health Research,National Institutes of Health,,,forecasted,2000000.0,,,large,Catherine Pei-ju Lu; Molly Gale Hammell; David Fenyo; Drew Jones,Silvio O. Conte Centers for Basic Neuroscience or collaborative plan,"This opportunity calls for a shared resource or coordinating effort in silvio o. conte centers for basic neuroscience or translational mental health research. Catherine Pei-ju Lu contributes expertise in my lab aims to build a comprehensive framework for understanding stem cell biology of the skin, from development to dise. Molly Gale Hammell contributes expertise in molly gale hammell is an associate professor in the institute for systems genetics at nyu langone health. David Fenyo contributes expertise in in my research i apply mathematical, statistical and computational methods to provide a detailed understanding of the dy. Drew Jones contributes expertise in the ongoing theme of my work is the invention or adaptation of advanced chromatography and mass spectrometry technology . Together, the team is positioned to deliver a rigorous plan that advances translational , neuroscience , research while meeting National Institutes of Health expectations for impact and reproducibility.","Aim 1: define the central questions, datasets, and success metrics for silvio o. conte centers for basic neuroscience or translational mental with input from all team members.
Aim 2: build and quality control a shared resource for silvio o. conte centers for basic neuroscience or translational mental, including standardized protocols, data structures, and access pathways.
Aim 3: validate findings in relevant human data or specimens and define a dissemination plan to support adoption in real world settings.",https://www.grants.gov/search-grants?query=PAR-26-043
7a407a51-108f-45a3-86a4-3da19459c607,CDC-RFA-IP-26-0102,Influenza Modeling and Forecasting,Centers for Disease Control - NCIRD,,,forecasted,0.0,14750000.0,7.0,large,"Mila B. Ortigoza, MD, PhD; Benjamin tenOever, PhD; Jeffrey N. Weiser, MD",Influenza Modeling and Forecasting collaborative plan,"This opportunity supports hypothesis driven work in influenza modeling and forecasting. Mila B. Ortigoza, MD, PhD contributes expertise in translational virology, clinical infectious diseases. Benjamin tenOever, PhD contributes expertise in virology, post-transcriptional. Jeffrey N. Weiser, MD contributes expertise in bacteriology, immunology. Together, the team is positioned to deliver a rigorous plan that advances forecasting , influenza , modeling while meeting Centers for Disease Control - NCIRD expectations for impact and reproducibility.","Aim 1: define the central questions, datasets, and success metrics for influenza modeling and forecasting with input from all team members.
Aim 2: test key mechanisms or drivers in influenza modeling and forecasting using complementary models, assays, and analytical approaches.
Aim 3: validate robustness across settings, publish reproducible workflows, and create a dissemination plan for broad community use.",https://www.grants.gov/search-grants?query=CDC-RFA-IP-26-0102
99880b2a-a7d3-4869-a2f9-ef4c6e1f019e,NOT-AA-25-011,Forecast to Publish a Funding Opportunity Announcement for Integrative Neuroscience Initiative on Alcoholism (INIA) Consortia (U01 Clinical Trial Optional),National Institutes of Health,,,forecasted,,10000000.0,16.0,large,"Andrea H. Brand; David Fenyo; Liat Shenhav, PhD; Catherine Pei-ju Lu",Forecast to Publish a Funding Opportunity Announcement for collaborative plan U01,"This opportunity supports hypothesis driven work in forecast to publish a funding opportunity announcement for integrative neuroscience initiative on alcoholism consortia. Andrea H. Brand contributes expertise in neural stem cells in the adult brain exist primarily in a quiescent state but can be reactivated in response to changing. David Fenyo contributes expertise in in my research i apply mathematical, statistical and computational methods to provide a detailed understanding of the dy. Liat Shenhav, PhD contributes expertise in systems microbiology. Catherine Pei-ju Lu contributes expertise in my lab aims to build a comprehensive framework for understanding stem cell biology of the skin, from development to dise. Together, the team is positioned to deliver a rigorous plan that advances announcement , neuroscience , integrative while meeting National Institutes of Health expectations for impact and reproducibility.","Aim 1: define the central questions, datasets, and success metrics for forecast to publish a funding opportunity announcement for integrative neuroscience with input from all team members.
Aim 2: test key mechanisms or drivers in forecast to publish a funding opportunity announcement for integrative neuroscience using complementary models, assays, and analytical approaches.
Aim 3: validate findings in relevant human data or specimens and define a dissemination plan to support adoption in real world settings.",https://www.grants.gov/search-grants?query=NOT-AA-25-011
ca108e77-69f6-4d3a-9723-a1353076a4ad,FOR-LM-25-001,"Advancing Bioinformatics, Translational Bioinformatics and Computational Biology Research (R01 Clinical Trial Optional)",National Institutes of Health,,,forecasted,,2500000.0,10.0,large,"David Fenyo; Alejandro Pironti, PhD; Jonas Schluter, PhD","Advancing Bioinformatics, Translational Bioinformatics and Computational Biology Research collaborative plan R01","This opportunity supports hypothesis driven work in advancing bioinformatics, translational bioinformatics and computational biology research. David Fenyo contributes expertise in in my research i apply mathematical, statistical and computational methods to provide a detailed understanding of the dy. Alejandro Pironti, PhD contributes expertise in microbial genomics, antimicrobial resistance. Jonas Schluter, PhD contributes expertise in systems microbiology, immunology. Together, the team is positioned to deliver a rigorous plan that advances bioinformatics , computational , translational while meeting National Institutes of Health expectations for impact and reproducibility.","Aim 1: define the central questions, datasets, and success metrics for advancing bioinformatics, translational bioinformatics and computational biology research with input from all team members.
Aim 2: develop and benchmark a scalable tool or platform for advancing bioinformatics, translational bioinformatics and computational biology research that leverages the complementary strengths of the team.
Aim 3: validate findings in relevant human data or specimens and define a dissemination plan to support adoption in real world settings.",https://www.grants.gov/search-grants?query=FOR-LM-25-001
0e61d658-5a10-46a1-9449-93a3c1ed768b,RFA-NS-26-001,Amyotrophic Lateral Sclerosis (ALS) Intermediate Patient Population Expanded Access (U01 Clinical Trial Required),National Institutes of Health,,,forecasted,,40000000.0,4.0,large,Molly Gale Hammell; Drew Jones; Thomas Wisniewski; Michele Pagano,Amyotrophic Lateral Sclerosis Intermediate Patient Population Expanded Access collaborative plan U01,"This opportunity supports hypothesis driven work in amyotrophic lateral sclerosis intermediate patient population expanded access. Molly Gale Hammell contributes expertise in molly gale hammell is an associate professor in the institute for systems genetics at nyu langone health. Drew Jones contributes expertise in the ongoing theme of my work is the invention or adaptation of advanced chromatography and mass spectrometry technology . Thomas Wisniewski contributes expertise in i am a board certified neurologist and neuropathologist. Michele Pagano contributes expertise in our laboratory is interested in how ubiquitin-mediated proteolysis controls the three key dimensions of cellular life: p. Together, the team is positioned to deliver a rigorous plan that advances intermediate , amyotrophic , population while meeting National Institutes of Health expectations for impact and reproducibility.","Aim 1: define the central questions, datasets, and success metrics for amyotrophic lateral sclerosis intermediate patient population expanded access with input from all team members.
Aim 2: test key mechanisms or drivers in amyotrophic lateral sclerosis intermediate patient population expanded access using complementary models, assays, and analytical approaches.
Aim 3: validate findings in relevant human data or specimens and define a dissemination plan to support adoption in real world settings.",https://www.grants.gov/search-grants?query=RFA-NS-26-001
df9ae3a0-5601-4e46-85e2-301479be50a9,23-503,Biological Anthropology Program Senior Research Awards,U.S. National Science Foundation,,2026-02-02,posted,,5000000.0,40.0,large,Drew Jones; Hakhamanesh Mostafavi; David Fenyo; Catherine Pei-ju Lu,Biological Anthropology Program Senior Research Awards collaborative plan,"This opportunity supports hypothesis driven work in biological anthropology program senior research awards. Drew Jones contributes expertise in the ongoing theme of my work is the invention or adaptation of advanced chromatography and mass spectrometry technology . Hakhamanesh Mostafavi contributes expertise in my lab studies the genetic basis of complex human traits and diseases. David Fenyo contributes expertise in in my research i apply mathematical, statistical and computational methods to provide a detailed understanding of the dy. Catherine Pei-ju Lu contributes expertise in my lab aims to build a comprehensive framework for understanding stem cell biology of the skin, from development to dise. Together, the team is positioned to deliver a rigorous plan that advances anthropology , biological , research while meeting U.S. National Science Foundation expectations for impact and reproducibility.","Aim 1: define the central questions, datasets, and success metrics for biological anthropology program senior research awards with input from all team members.
Aim 2: test key mechanisms or drivers in biological anthropology program senior research awards using complementary models, assays, and analytical approaches.
Aim 3: validate robustness across settings, publish reproducible workflows, and create a dissemination plan for broad community use.",http://www.nsf.gov/publications/pub_summ.jsp?ods_key=nsf23503
acffb1c8-72a8-4b71-b471-6a06ca698ab2,RFA-DK-26-301,Kidney Precision Medicine Project Recruitment Sites (U01 Clinical Trial Not Allowed),National Institutes of Health,,,forecasted,,4000000.0,7.0,large,"Kamal M. Khanna, PhD; Mila B. Ortigoza, MD, PhD; Thomas Wisniewski; Elaine (Lyn) Wilson",Kidney Precision Medicine Project Recruitment Sites collaborative plan U01,"This opportunity supports hypothesis driven work in kidney precision medicine project recruitment sites. Kamal M. Khanna, PhD contributes expertise in immunology, macrophage biology. Mila B. Ortigoza, MD, PhD contributes expertise in translational virology, clinical infectious diseases. Thomas Wisniewski contributes expertise in i am a board certified neurologist and neuropathologist. Elaine (Lyn) Wilson contributes expertise in my major contributions have been to the field of tumor cell biology, and more recently to the relationship between norma. Together, the team is positioned to deliver a rigorous plan that advances recruitment , precision , medicine while meeting National Institutes of Health expectations for impact and reproducibility.","Aim 1: define the central questions, datasets, and success metrics for kidney precision medicine project recruitment sites with input from all team members.
Aim 2: test key mechanisms or drivers in kidney precision medicine project recruitment sites using complementary models, assays, and analytical approaches.
Aim 3: validate findings in relevant human data or specimens and define a dissemination plan to support adoption in real world settings.",https://www.grants.gov/search-grants?query=RFA-DK-26-301
6109a72d-3249-473f-9ee0-8b7ec9452356,RFA-DK-26-303,Kidney Precision Medicine Project Central Hub (U24 Clinical Trial Not Allowed),National Institutes of Health,,,forecasted,,5000000.0,1.0,large,"Kamal M. Khanna, PhD; Mila B. Ortigoza, MD, PhD; Elaine (Lyn) Wilson; Thomas Wisniewski",Kidney Precision Medicine Project Central Hub collaborative plan U24,"This opportunity calls for a shared resource or coordinating effort in kidney precision medicine project central hub. Kamal M. Khanna, PhD contributes expertise in immunology, macrophage biology. Mila B. Ortigoza, MD, PhD contributes expertise in translational virology, clinical infectious diseases. Elaine (Lyn) Wilson contributes expertise in my major contributions have been to the field of tumor cell biology, and more recently to the relationship between norma. Thomas Wisniewski contributes expertise in i am a board certified neurologist and neuropathologist. Together, the team is positioned to deliver a rigorous plan that advances precision , medicine , central while meeting National Institutes of Health expectations for impact and reproducibility.","Aim 1: define the central questions, datasets, and success metrics for kidney precision medicine project central hub with input from all team members.
Aim 2: build and quality control a shared resource for kidney precision medicine project central hub, including standardized protocols, data structures, and access pathways.
Aim 3: validate findings in relevant human data or specimens and define a dissemination plan to support adoption in real world settings.",https://www.grants.gov/search-grants?query=RFA-DK-26-303
dbdf9a29-5709-4cbe-8684-4087fc366576,RFA-DK-26-302,Kidney Precision Medicine Project Tissue Interrogation Sites (U01 Clinical Trial Not Allowed),National Institutes of Health,,,forecasted,,6000000.0,7.0,large,"Kamal M. Khanna, PhD; Mila B. Ortigoza, MD, PhD; Robert J. Schneider, PhD; Elaine (Lyn) Wilson",Kidney Precision Medicine Project Tissue Interrogation Sites collaborative plan U01,"This opportunity supports hypothesis driven work in kidney precision medicine project tissue interrogation sites. Kamal M. Khanna, PhD contributes expertise in immunology, macrophage biology. Mila B. Ortigoza, MD, PhD contributes expertise in translational virology, clinical infectious diseases. Robert J. Schneider, PhD contributes expertise in rna biology, translation control. Elaine (Lyn) Wilson contributes expertise in my major contributions have been to the field of tumor cell biology, and more recently to the relationship between norma. Together, the team is positioned to deliver a rigorous plan that advances interrogation , precision , medicine while meeting National Institutes of Health expectations for impact and reproducibility.","Aim 1: define the central questions, datasets, and success metrics for kidney precision medicine project tissue interrogation sites with input from all team members.
Aim 2: test key mechanisms or drivers in kidney precision medicine project tissue interrogation sites using complementary models, assays, and analytical approaches.
Aim 3: validate findings in relevant human data or specimens and define a dissemination plan to support adoption in real world settings.",https://www.grants.gov/search-grants?query=RFA-DK-26-302
84e9a104-bfe4-44aa-a95f-7658b8a04cde,11-066,"NSF-NIST Interaction in Basic and Applied Scientific Research in BIO, ENG & MPS",U.S. National Science Foundation,,,posted,,300000.0,20.0,large,Richard Possemato; Drew Jones; David Fenyo,NSF-NIST Interaction in Basic and Applied Scientific Research collaborative plan,"This opportunity supports hypothesis driven work in nsf-nist interaction in basic and applied scientific research in bio, eng & mps. Richard Possemato contributes expertise in i am an associate professor in the department of pathology at nyu school of medicine and co-leader of the cancer cell bi. Drew Jones contributes expertise in the ongoing theme of my work is the invention or adaptation of advanced chromatography and mass spectrometry technology . David Fenyo contributes expertise in in my research i apply mathematical, statistical and computational methods to provide a detailed understanding of the dy. Together, the team is positioned to deliver a rigorous plan that advances interaction , scientific , research while meeting U.S. National Science Foundation expectations for impact and reproducibility.","Aim 1: define the central questions, datasets, and success metrics for nsf-nist interaction in basic and applied scientific research in bio, with input from all team members.
Aim 2: test key mechanisms or drivers in nsf-nist interaction in basic and applied scientific research in bio, using complementary models, assays, and analytical approaches.
Aim 3: validate robustness across settings, publish reproducible workflows, and create a dissemination plan for broad community use.",http://www.nsf.gov/publications/pub_summ.jsp?ods_key=nsf11066
a4b69c39-8eb8-4702-98be-d4e7f812bee7,USDA-FS-FHP-BCIFP-FY2023,BIOLOGICAL CONTROL OF INVASIVE FOREST PESTS PROGRAM FY23,Forest Service,,,forecasted,,,10.0,large,"Adam J. Ratner, MD; Jeffrey N. Weiser, MD; Alexander Serganov; Richard Possemato",BIOLOGICAL CONTROL OF INVASIVE FOREST PESTS PROGRAM FY23 collaborative plan,"This opportunity supports hypothesis driven work in biological control of invasive forest pests program fy23. Adam J. Ratner, MD contributes expertise in bacteriology, translational. Jeffrey N. Weiser, MD contributes expertise in bacteriology, immunology. Alexander Serganov contributes expertise in we use a combination of biophysical methods, biochemical techniques, and structural approaches, including x-ray crystall. Richard Possemato contributes expertise in i am an associate professor in the department of pathology at nyu school of medicine and co-leader of the cancer cell bi. Together, the team is positioned to deliver a rigorous plan that advances biological , invasive , control while meeting Forest Service expectations for impact and reproducibility.","Aim 1: define the central questions, datasets, and success metrics for biological control of invasive forest pests program fy23 with input from all team members.
Aim 2: test key mechanisms or drivers in biological control of invasive forest pests program fy23 using complementary models, assays, and analytical approaches.
Aim 3: validate robustness across settings, publish reproducible workflows, and create a dissemination plan for broad community use.",https://www.fs.usda.gov/foresthealth/working-with-us/index.shtml
142d9a04-9a01-406b-b14b-c84c3e7dda92,PA-21-264,Large Health Services Research Demonstration and Dissemination Projects for Prevention of Healthcare-Associated Infections (R18),Agency for Health Care Research and Quality,,2026-10-30,posted,,,100.0,large,"Stefan Feske; Adam J. Ratner, MD; Ran Brosh",Large Health Services Research Demonstration and Dissemination Projects collaborative plan R18,"This opportunity supports hypothesis driven work in large health services research demonstration and dissemination projects for prevention of healthcare-associated infections. Stefan Feske contributes expertise in dr. Adam J. Ratner, MD contributes expertise in bacteriology, translational. Ran Brosh contributes expertise in i have two roles: [1] as faculty at isg/pathology i am leading the dark matter project, a collaborative effort to use sy. Together, the team is positioned to deliver a rigorous plan that advances demonstration , dissemination , associated while meeting Agency for Health Care Research and Quality expectations for impact and reproducibility.","Aim 1: define the central questions, datasets, and success metrics for large health services research demonstration and dissemination projects for prevention with input from all team members.
Aim 2: test key mechanisms or drivers in large health services research demonstration and dissemination projects for prevention using complementary models, assays, and analytical approaches.
Aim 3: validate findings in relevant human data or specimens and define a dissemination plan to support adoption in real world settings.",https://grants.nih.gov/grants/guide/pa-files/PA-21-264.html
8cce1f5e-387d-4474-bab9-868d0eddfc08,CDC-RFA-CK-26-0221,Reducing the burden of parasitic infections in the United States through evidence-based prevention and control activities.,Centers for Disease Control - NCEZID,,,forecasted,1250000.0,23750000.0,11.0,large,"Adam J. Ratner, MD; Benjamin tenOever, PhD; Robert J. Schneider, PhD",Reducing the burden of parasitic infections in the collaborative plan,"This opportunity supports hypothesis driven work in reducing the burden of parasitic infections in the united states through evidence-based prevention and. Adam J. Ratner, MD contributes expertise in bacteriology, translational. Benjamin tenOever, PhD contributes expertise in virology, post-transcriptional. Robert J. Schneider, PhD contributes expertise in rna biology, translation control. Together, the team is positioned to deliver a rigorous plan that advances activities , infections , prevention while meeting Centers for Disease Control - NCEZID expectations for impact and reproducibility.","Aim 1: define the central questions, datasets, and success metrics for reducing the burden of parasitic infections in the united states with input from all team members.
Aim 2: test key mechanisms or drivers in reducing the burden of parasitic infections in the united states using complementary models, assays, and analytical approaches.
Aim 3: validate robustness across settings, publish reproducible workflows, and create a dissemination plan for broad community use.",https://www.grants.gov/search-grants?query=CDC-RFA-CK-26-0221
9d99eac6-dcd5-46ad-a2de-33cf63b41c53,FOR-NS-25-016,Forecast for NINDS Exploratory Grant Program in Myalgic Encephalomyelitis/Chronic Fatigue Syndrome Research (P20 - Clinical Trial Optional),National Institutes of Health,,,forecasted,,3000000.0,6.0,large,Alexander Serganov; Richard Possemato; Thomas Wisniewski,Forecast for NINDS Exploratory Grant Program in Myalgic collaborative plan P20,"This opportunity supports hypothesis driven work in forecast for ninds exploratory grant program in myalgic encephalomyelitis/chronic fatigue syndrome research. Alexander Serganov contributes expertise in we use a combination of biophysical methods, biochemical techniques, and structural approaches, including x-ray crystall. Richard Possemato contributes expertise in i am an associate professor in the department of pathology at nyu school of medicine and co-leader of the cancer cell bi. Thomas Wisniewski contributes expertise in i am a board certified neurologist and neuropathologist. Together, the team is positioned to deliver a rigorous plan that advances encephalomyelitis , exploratory , forecast while meeting National Institutes of Health expectations for impact and reproducibility.","Aim 1: define the central questions, datasets, and success metrics for forecast for ninds exploratory grant program in myalgic encephalomyelitis/chronic fatigue with input from all team members.
Aim 2: test key mechanisms or drivers in forecast for ninds exploratory grant program in myalgic encephalomyelitis/chronic fatigue using complementary models, assays, and analytical approaches.
Aim 3: validate findings in relevant human data or specimens and define a dissemination plan to support adoption in real world settings.",https://www.grants.gov/search-grants?query=FOR-NS-25-016
44fa0a69-a4eb-4d5a-b64a-1b1d4859b5d3,RFA-NS-26-002,"Investigate Novel Therapeutic Interventions and Testing Strategies for Neurological Disorders Including to Treat, Modify and Prevent the Development of Epilepsy (U24 Clinical Trial Not Allowed)",National Institutes of Health,,,forecasted,4000000.0,6200000.0,1.0,large,Thomas Wisniewski; Pau Castel; Paolo Mita,Investigate Novel Therapeutic Interventions and Testing Strategies for collaborative plan U24,"This opportunity supports hypothesis driven work in investigate novel therapeutic interventions and testing strategies for neurological disorders including to treat, modify. Thomas Wisniewski contributes expertise in i am a board certified neurologist and neuropathologist. Pau Castel contributes expertise in the castel laboratory is interested in understanding the molecular mechanisms underlying oncoprotein-mediated transforma. Paolo Mita contributes expertise in transposable elements (te) are sequences of dna that are capable of moving within a host genome, and thus are often refe. Together, the team is positioned to deliver a rigorous plan that advances interventions , neurological , development while meeting National Institutes of Health expectations for impact and reproducibility.","Aim 1: define the central questions, datasets, and success metrics for investigate novel therapeutic interventions and testing strategies for neurological disorders with input from all team members.
Aim 2: test key mechanisms or drivers in investigate novel therapeutic interventions and testing strategies for neurological disorders using complementary models, assays, and analytical approaches.
Aim 3: validate findings in relevant human data or specimens and define a dissemination plan to support adoption in real world settings.",https://www.grants.gov/search-grants?query=RFA-NS-26-002
f0e22efe-3e83-434a-b418-94eecc8718d7,FOR-NS-25-006,Forecast for NINDS Child Neurologist Career Development Program (CNCDP) (K12 - Clinical Trial Not Allowed),National Institutes of Health,,,forecasted,,3400000.0,1.0,large,"Richard Possemato; Thomas Wisniewski; Liat Shenhav, PhD",Forecast for NINDS Child Neurologist Career Development Program collaborative plan K12,"This opportunity emphasizes workforce development and dissemination in forecast for ninds child neurologist career development program. Richard Possemato contributes expertise in i am an associate professor in the department of pathology at nyu school of medicine and co-leader of the cancer cell bi. Thomas Wisniewski contributes expertise in i am a board certified neurologist and neuropathologist. Liat Shenhav, PhD contributes expertise in systems microbiology. Together, the team is positioned to deliver a rigorous plan that advances development , neurologist , forecast while meeting National Institutes of Health expectations for impact and reproducibility.","Aim 1: define the central questions, datasets, and success metrics for forecast for ninds child neurologist career development program with input from all team members.
Aim 2: test key mechanisms or drivers in forecast for ninds child neurologist career development program using complementary models, assays, and analytical approaches.
Aim 3: validate findings in relevant human data or specimens and define a dissemination plan to support adoption in real world settings.",https://www.grants.gov/search-grants?query=FOR-NS-25-006
2f0a47ac-f1f7-4f45-a13b-5c689724e692,RFA-NS-26-008,Limited Competition: Post-Stroke Vascular Contributions to Cognitive Impairment and Dementia (VCID) in the United States (U19 - Clinical Trial not Allowed),National Institutes of Health,,,forecasted,,10000000.0,1.0,large,"Thomas Wisniewski; Richard Possemato; Ana M. Rodriguez, PhD",Limited Competition: Post-Stroke Vascular Contributions to Cognitive Impairment collaborative plan U19,"This opportunity supports hypothesis driven work in limited competition: post-stroke vascular contributions to cognitive impairment and dementia in the united states. Thomas Wisniewski contributes expertise in i am a board certified neurologist and neuropathologist. Richard Possemato contributes expertise in i am an associate professor in the department of pathology at nyu school of medicine and co-leader of the cancer cell bi. Ana M. Rodriguez, PhD contributes expertise in parasitology, malaria pathogenesis. Together, the team is positioned to deliver a rigorous plan that advances contributions , competition , impairment while meeting National Institutes of Health expectations for impact and reproducibility.","Aim 1: define the central questions, datasets, and success metrics for limited competition: post-stroke vascular contributions to cognitive impairment and dementia with input from all team members.
Aim 2: test key mechanisms or drivers in limited competition: post-stroke vascular contributions to cognitive impairment and dementia using complementary models, assays, and analytical approaches.
Aim 3: validate findings in relevant human data or specimens and define a dissemination plan to support adoption in real world settings.",https://www.grants.gov/search-grants?query=RFA-NS-26-008
400b428e-a4b2-46bc-82a2-dc9bdfc8fe82,22-603,Mid-Career Advancement,U.S. National Science Foundation,,2026-03-02,posted,,18000000.0,45.0,large,Richard Possemato; Catherine Pei-ju Lu; Drew Jones; Nadav Brandes,Mid-Career Advancement collaborative plan,"This opportunity emphasizes workforce development and dissemination in mid-career advancement. Richard Possemato contributes expertise in i am an associate professor in the department of pathology at nyu school of medicine and co-leader of the cancer cell bi. Catherine Pei-ju Lu contributes expertise in my lab aims to build a comprehensive framework for understanding stem cell biology of the skin, from development to dise. Drew Jones contributes expertise in the ongoing theme of my work is the invention or adaptation of advanced chromatography and mass spectrometry technology . Nadav Brandes contributes expertise in large language models (llms) have revolutionized artificial intelligence (ai). Together, the team is positioned to deliver a rigorous plan that advances advancement , career while meeting U.S. National Science Foundation expectations for impact and reproducibility.","Aim 1: define the central questions, datasets, and success metrics for mid-career advancement with input from all team members.
Aim 2: test key mechanisms or drivers in mid-career advancement using complementary models, assays, and analytical approaches.
Aim 3: validate findings in relevant human data or specimens and define a dissemination plan to support adoption in real world settings.",http://www.nsf.gov/publications/pub_summ.jsp?ods_key=nsf22603
c023b83a-2094-40bf-a48e-07f065d037df,FOR-MH-26-205,"Single Source: Accelerating Medicines Partnership® Schizophrenia (AMP® SCZ): Clinical Trial Data Processing, Analysis, and Coordination Center",National Institutes of Health,,,forecasted,,12000000.0,1.0,large,"David Fenyo; James Lee, PhD; Angus C. Wilson, PhD; Drew Jones",Single Source: Accelerating Medicines Partnership® Schizophrenia : Clinical collaborative plan,"This opportunity calls for a shared resource or coordinating effort in single source: accelerating medicines partnership® schizophrenia : clinical trial data processing, analysis, and coordination. David Fenyo contributes expertise in in my research i apply mathematical, statistical and computational methods to provide a detailed understanding of the dy. James Lee, PhD contributes expertise in structural biology, host-pathogen interactions. Angus C. Wilson, PhD contributes expertise in virology, rna processing. Drew Jones contributes expertise in the ongoing theme of my work is the invention or adaptation of advanced chromatography and mass spectrometry technology . Together, the team is positioned to deliver a rigorous plan that advances schizophrenia , accelerating , coordination while meeting National Institutes of Health expectations for impact and reproducibility.","Aim 1: define the central questions, datasets, and success metrics for single source: accelerating medicines partnership® schizophrenia : clinical trial data with input from all team members.
Aim 2: build and quality control a shared resource for single source: accelerating medicines partnership® schizophrenia : clinical trial data, including standardized protocols, data structures, and access pathways.
Aim 3: validate findings in relevant human data or specimens and define a dissemination plan to support adoption in real world settings.",https://www.grants.gov/search-grants?query=FOR-MH-26-205
63711e73-e704-4928-966a-e37c47e60f7d,CDC-RFA-JG-26-0058,"Enhancing global laboratory systems to safely manage biological risks, deploy diagnostics and sequence pathogens to strengthen health protection worldwide",Centers for Disease Control-GHC,,,forecasted,0.0,25000000.0,3.0,large,"Pau Castel; Drew Jones; Mila B. Ortigoza, MD, PhD",Enhancing global laboratory systems to safely manage biological collaborative plan,"This opportunity supports hypothesis driven work in enhancing global laboratory systems to safely manage biological risks, deploy diagnostics and sequence pathogens. Pau Castel contributes expertise in the castel laboratory is interested in understanding the molecular mechanisms underlying oncoprotein-mediated transforma. Drew Jones contributes expertise in the ongoing theme of my work is the invention or adaptation of advanced chromatography and mass spectrometry technology . Mila B. Ortigoza, MD, PhD contributes expertise in translational virology, clinical infectious diseases. Together, the team is positioned to deliver a rigorous plan that advances diagnostics , biological , laboratory while meeting Centers for Disease Control-GHC expectations for impact and reproducibility.","Aim 1: define the central questions, datasets, and success metrics for enhancing global laboratory systems to safely manage biological risks, deploy with input from all team members.
Aim 2: test key mechanisms or drivers in enhancing global laboratory systems to safely manage biological risks, deploy using complementary models, assays, and analytical approaches.
Aim 3: validate findings in relevant human data or specimens and define a dissemination plan to support adoption in real world settings.",https://www.grants.gov/search-grants?query=CDC-RFA-JG-26-0058
f7e1fde4-9931-4971-bc53-c3dec8472e14,NOT-DK-26-313,"The Accelerating Medicines Partnership (AMP) in Common Metabolic Diseases (CMD) Knowledge Portal: Roadmap for Future Development (Cooperative Agreement, Clinical Trial Optional)",National Institutes of Health,,,forecasted,,3000000.0,1.0,large,Hakhamanesh Mostafavi; Nadav Brandes; Aravinda Chakravarti,The Accelerating Medicines Partnership in Common Metabolic Diseases collaborative plan,"This opportunity supports hypothesis driven work in the accelerating medicines partnership in common metabolic diseases knowledge portal: roadmap for future development. Hakhamanesh Mostafavi contributes expertise in my lab studies the genetic basis of complex human traits and diseases. Nadav Brandes contributes expertise in large language models (llms) have revolutionized artificial intelligence (ai). Aravinda Chakravarti contributes expertise in contributions to science 1. Together, the team is positioned to deliver a rigorous plan that advances accelerating , development , partnership while meeting National Institutes of Health expectations for impact and reproducibility.","Aim 1: define the central questions, datasets, and success metrics for the accelerating medicines partnership in common metabolic diseases knowledge portal: with input from all team members.
Aim 2: build and quality control a shared resource for the accelerating medicines partnership in common metabolic diseases knowledge portal:, including standardized protocols, data structures, and access pathways.
Aim 3: validate findings in relevant human data or specimens and define a dissemination plan to support adoption in real world settings.",https://www.grants.gov/search-grants?query=NOT-DK-26-313
3ca83b4a-6e88-407d-8a94-7292acdb686e,22-600,Joint DMS/NIGMS Initiative to Support Research at the Interface of the Biological and Mathematical Sciences,U.S. National Science Foundation,,2026-09-18,posted,1200000.0,5000000.0,25.0,large,"Michele Pagano; David Fenyo; Liat Shenhav, PhD",Joint DMS/NIGMS Initiative to Support Research at the collaborative plan,"This opportunity calls for a shared resource or coordinating effort in joint dms/nigms initiative to support research at the interface of the biological and mathematical. Michele Pagano contributes expertise in our laboratory is interested in how ubiquitin-mediated proteolysis controls the three key dimensions of cellular life: p. David Fenyo contributes expertise in in my research i apply mathematical, statistical and computational methods to provide a detailed understanding of the dy. Liat Shenhav, PhD contributes expertise in systems microbiology. Together, the team is positioned to deliver a rigorous plan that advances mathematical , biological , initiative while meeting U.S. National Science Foundation expectations for impact and reproducibility.","Aim 1: define the central questions, datasets, and success metrics for joint dms/nigms initiative to support research at the interface of with input from all team members.
Aim 2: build and quality control a shared resource for joint dms/nigms initiative to support research at the interface of, including standardized protocols, data structures, and access pathways.
Aim 3: validate robustness across settings, publish reproducible workflows, and create a dissemination plan for broad community use.",http://www.nsf.gov/publications/pub_summ.jsp?ods_key=nsf22600
e451d778-c382-485d-bf3b-b20618a384d5,PAR-25-077,CCRP Initiative: NIH Countermeasures Against Chemical Threats (CounterACT) Basic Research on Chemical Threats that Affect the Nervous System (R01 Clinical Trial Not Allowed),National Institutes of Health,,2026-10-16,posted,300000.0,300000.0,4.0,large,"Thomas Wisniewski; Drew Jones; Catherine Pei-ju Lu; Adam J. Ratner, MD",CCRP Initiative: NIH Countermeasures Against Chemical Threats Basic collaborative plan R01,"This opportunity supports hypothesis driven work in ccrp initiative: nih countermeasures against chemical threats basic research on chemical threats that affect. Thomas Wisniewski contributes expertise in i am a board certified neurologist and neuropathologist. Drew Jones contributes expertise in the ongoing theme of my work is the invention or adaptation of advanced chromatography and mass spectrometry technology . Catherine Pei-ju Lu contributes expertise in my lab aims to build a comprehensive framework for understanding stem cell biology of the skin, from development to dise. Adam J. Ratner, MD contributes expertise in bacteriology, translational. Together, the team is positioned to deliver a rigorous plan that advances chemical , threats , countermeasures while meeting National Institutes of Health expectations for impact and reproducibility.","Aim 1: define the central questions, datasets, and success metrics for ccrp initiative: nih countermeasures against chemical threats basic research on with input from all team members.
Aim 2: test key mechanisms or drivers in ccrp initiative: nih countermeasures against chemical threats basic research on using complementary models, assays, and analytical approaches.
Aim 3: validate findings in relevant human data or specimens and define a dissemination plan to support adoption in real world settings.",http://grants.nih.gov/grants/guide/pa-files/PAR-25-077.html
1db3894c-0156-4b3a-922a-68a33f783cf1,19-570,High-Risk Research in Biological Anthropology and Archaeology,U.S. National Science Foundation,,,posted,35000.0,150000.0,5.0,large,Richard Possemato; Drew Jones; Thomas Wisniewski; Andrea H. Brand,High-Risk Research in Biological Anthropology and Archaeology collaborative plan,"This opportunity supports hypothesis driven work in high-risk research in biological anthropology and archaeology. Richard Possemato contributes expertise in i am an associate professor in the department of pathology at nyu school of medicine and co-leader of the cancer cell bi. Drew Jones contributes expertise in the ongoing theme of my work is the invention or adaptation of advanced chromatography and mass spectrometry technology . Thomas Wisniewski contributes expertise in i am a board certified neurologist and neuropathologist. Andrea H. Brand contributes expertise in neural stem cells in the adult brain exist primarily in a quiescent state but can be reactivated in response to changing. Together, the team is positioned to deliver a rigorous plan that advances anthropology , archaeology , biological while meeting U.S. National Science Foundation expectations for impact and reproducibility.","Aim 1: define the central questions, datasets, and success metrics for high-risk research in biological anthropology and archaeology with input from all team members.
Aim 2: test key mechanisms or drivers in high-risk research in biological anthropology and archaeology using complementary models, assays, and analytical approaches.
Aim 3: validate robustness across settings, publish reproducible workflows, and create a dissemination plan for broad community use.",http://www.nsf.gov/publications/pub_summ.jsp?ods_key=nsf19570
bd1b6f4b-400a-451b-9af9-14b572457e6f,PAR-24-251,Animal and Veterinary Innovation Centers (U18),Food and Drug Administration,,2028-05-12,posted,1250000.0,3000000.0,8.0,large,"Benjamin tenOever, PhD; Angus C. Wilson, PhD; Mila B. Ortigoza, MD, PhD; Molly Gale Hammell",Animal and Veterinary Innovation Centers collaborative plan U18,"This opportunity calls for a shared resource or coordinating effort in animal and veterinary innovation centers. Benjamin tenOever, PhD contributes expertise in virology, post-transcriptional. Angus C. Wilson, PhD contributes expertise in virology, rna processing. Mila B. Ortigoza, MD, PhD contributes expertise in translational virology, clinical infectious diseases. Molly Gale Hammell contributes expertise in molly gale hammell is an associate professor in the institute for systems genetics at nyu langone health. Together, the team is positioned to deliver a rigorous plan that advances innovation , veterinary , centers while meeting Food and Drug Administration expectations for impact and reproducibility.","Aim 1: define the central questions, datasets, and success metrics for animal and veterinary innovation centers with input from all team members.
Aim 2: build and quality control a shared resource for animal and veterinary innovation centers, including standardized protocols, data structures, and access pathways.
Aim 3: validate robustness across settings, publish reproducible workflows, and create a dissemination plan for broad community use.",https://grants.nih.gov/grants/guide/pa-files/PAR-24-251.html
1b49b219-b655-4560-b837-68ed45b6580f,FOR-AR-26-005,NIAMS Skin Biology and Diseases Resource-based Center (P30 - Clinical Trial Not Allowed),National Institutes of Health,,,forecasted,,,4.0,large,Catherine Pei-ju Lu; Molly Gale Hammell; Drew Jones; Thomas Wisniewski,NIAMS Skin Biology and Diseases Resource-based Center collaborative plan P30,"This opportunity calls for a shared resource or coordinating effort in niams skin biology and diseases resource-based center. Catherine Pei-ju Lu contributes expertise in my lab aims to build a comprehensive framework for understanding stem cell biology of the skin, from development to dise. Molly Gale Hammell contributes expertise in molly gale hammell is an associate professor in the institute for systems genetics at nyu langone health. Drew Jones contributes expertise in the ongoing theme of my work is the invention or adaptation of advanced chromatography and mass spectrometry technology . Thomas Wisniewski contributes expertise in i am a board certified neurologist and neuropathologist. Together, the team is positioned to deliver a rigorous plan that advances diseases , resource , biology while meeting National Institutes of Health expectations for impact and reproducibility.","Aim 1: define the central questions, datasets, and success metrics for niams skin biology and diseases resource-based center with input from all team members.
Aim 2: build and quality control a shared resource for niams skin biology and diseases resource-based center, including standardized protocols, data structures, and access pathways.
Aim 3: validate findings in relevant human data or specimens and define a dissemination plan to support adoption in real world settings.",https://www.grants.gov/search-grants?query=FOR-AR-26-005
dd97ae1d-d356-4337-a255-5aeeb1160258,24-586,NSF National Quantum Virtual Laboratory - Quantum Testbeds,U.S. National Science Foundation,,2026-04-07,posted,,32000000.0,,large,Ran Brosh; Alexander Serganov; Drew Jones; David Fenyo,NSF National Quantum Virtual Laboratory - Quantum Testbeds collaborative plan,"This opportunity supports hypothesis driven work in nsf national quantum virtual laboratory - quantum testbeds. Ran Brosh contributes expertise in i have two roles: [1] as faculty at isg/pathology i am leading the dark matter project, a collaborative effort to use sy. Alexander Serganov contributes expertise in we use a combination of biophysical methods, biochemical techniques, and structural approaches, including x-ray crystall. Drew Jones contributes expertise in the ongoing theme of my work is the invention or adaptation of advanced chromatography and mass spectrometry technology . David Fenyo contributes expertise in in my research i apply mathematical, statistical and computational methods to provide a detailed understanding of the dy. Together, the team is positioned to deliver a rigorous plan that advances quantum , laboratory , national while meeting U.S. National Science Foundation expectations for impact and reproducibility.","Aim 1: define the central questions, datasets, and success metrics for nsf national quantum virtual laboratory - quantum testbeds with input from all team members.
Aim 2: test key mechanisms or drivers in nsf national quantum virtual laboratory - quantum testbeds using complementary models, assays, and analytical approaches.
Aim 3: validate robustness across settings, publish reproducible workflows, and create a dissemination plan for broad community use.",http://www.nsf.gov/publications/pub_summ.jsp?ods_key=nsf24586
5a01de72-0d63-4009-852c-d2e64018c100,PAR-25-297,Alzheimer's Drug-Development Program (U01 Clinical Trial Optional),National Institutes of Health,,2027-11-05,posted,1500000.0,,,large,Thomas Wisniewski; Alexander Serganov; Richard Possemato; Drew Jones,Alzheimer's Drug-Development Program collaborative plan U01,"This opportunity supports hypothesis driven work in alzheimer's drug-development program. Thomas Wisniewski contributes expertise in i am a board certified neurologist and neuropathologist. Alexander Serganov contributes expertise in we use a combination of biophysical methods, biochemical techniques, and structural approaches, including x-ray crystall. Richard Possemato contributes expertise in i am an associate professor in the department of pathology at nyu school of medicine and co-leader of the cancer cell bi. Drew Jones contributes expertise in the ongoing theme of my work is the invention or adaptation of advanced chromatography and mass spectrometry technology . Together, the team is positioned to deliver a rigorous plan that advances development , alzheimer , program while meeting National Institutes of Health expectations for impact and reproducibility.","Aim 1: define the central questions, datasets, and success metrics for alzheimer's drug-development program with input from all team members.
Aim 2: test key mechanisms or drivers in alzheimer's drug-development program using complementary models, assays, and analytical approaches.
Aim 3: validate findings in relevant human data or specimens and define a dissemination plan to support adoption in real world settings.",http://grants.nih.gov/grants/guide/pa-files/PAR-25-297.html
a3e91dba-dd69-4d33-8631-09544b5c72b9,CDC-RFA-JG-26-0055,Expanding Efforts and Strategies to Protect and Improve Global Health Security in Kenya,Centers for Disease Control-GHC,,,forecasted,0.0,35000000.0,4.0,large,"Ana M. Rodriguez, PhD; Benjamin tenOever, PhD; Jeffrey N. Weiser, MD; Drew Jones",Expanding Efforts and Strategies to Protect and Improve collaborative plan,"This opportunity supports hypothesis driven work in expanding efforts and strategies to protect and improve global health security in kenya. Ana M. Rodriguez, PhD contributes expertise in parasitology, malaria pathogenesis. Benjamin tenOever, PhD contributes expertise in virology, post-transcriptional. Jeffrey N. Weiser, MD contributes expertise in bacteriology, immunology. Drew Jones contributes expertise in the ongoing theme of my work is the invention or adaptation of advanced chromatography and mass spectrometry technology . Together, the team is positioned to deliver a rigorous plan that advances strategies , expanding , security while meeting Centers for Disease Control-GHC expectations for impact and reproducibility.","Aim 1: define the central questions, datasets, and success metrics for expanding efforts and strategies to protect and improve global health with input from all team members.
Aim 2: test key mechanisms or drivers in expanding efforts and strategies to protect and improve global health using complementary models, assays, and analytical approaches.
Aim 3: validate findings in relevant human data or specimens and define a dissemination plan to support adoption in real world settings.",https://www.grants.gov/search-grants?query=CDC-RFA-JG-26-0055
100629a0-aec1-49d6-bbf1-554ae80baad1,TEMP-31126,Funding Opportunity Announcement for Impact of Environmental Exposures on Gut-Brain Signaling in Neurological Conditions (R01),National Institutes of Health,,,forecasted,,4000000.0,8.0,large,"Jonas Schluter, PhD; Liat Shenhav, PhD; Alejandro Pironti, PhD; Andrea H. Brand",Funding Opportunity Announcement for Impact of Environmental Exposures collaborative plan R01,"This opportunity supports hypothesis driven work in funding opportunity announcement for impact of environmental exposures on gut-brain signaling in neurological conditions. Jonas Schluter, PhD contributes expertise in systems microbiology, immunology. Liat Shenhav, PhD contributes expertise in systems microbiology. Alejandro Pironti, PhD contributes expertise in microbial genomics, antimicrobial resistance. Andrea H. Brand contributes expertise in neural stem cells in the adult brain exist primarily in a quiescent state but can be reactivated in response to changing. Together, the team is positioned to deliver a rigorous plan that advances environmental , announcement , neurological while meeting National Institutes of Health expectations for impact and reproducibility.","Aim 1: define the central questions, datasets, and success metrics for funding opportunity announcement for impact of environmental exposures on gut-brain with input from all team members.
Aim 2: test key mechanisms or drivers in funding opportunity announcement for impact of environmental exposures on gut-brain using complementary models, assays, and analytical approaches.
Aim 3: validate robustness across settings, publish reproducible workflows, and create a dissemination plan for broad community use.",https://www.grants.gov/search-grants?query=TEMP-31126
21ccecb2-8a6f-4783-adac-ce03dea6023e,24-527,GROWING CONVERGENCE RESEARCH,U.S. National Science Foundation,,2026-02-09,posted,3600000.0,16000000.0,10.0,large,David Fenyo; Drew Jones; esteban o mazzoni; Thomas Wisniewski,GROWING CONVERGENCE RESEARCH collaborative plan,"This opportunity supports hypothesis driven work in growing convergence research. David Fenyo contributes expertise in in my research i apply mathematical, statistical and computational methods to provide a detailed understanding of the dy. Drew Jones contributes expertise in the ongoing theme of my work is the invention or adaptation of advanced chromatography and mass spectrometry technology . esteban o mazzoni contributes expertise in we are passionate about understanding how cells acquire the functions required by a multicellular organism like the comp. Thomas Wisniewski contributes expertise in i am a board certified neurologist and neuropathologist. Together, the team is positioned to deliver a rigorous plan that advances convergence , research , growing while meeting U.S. National Science Foundation expectations for impact and reproducibility.","Aim 1: define the central questions, datasets, and success metrics for growing convergence research with input from all team members.
Aim 2: test key mechanisms or drivers in growing convergence research using complementary models, assays, and analytical approaches.
Aim 3: validate robustness across settings, publish reproducible workflows, and create a dissemination plan for broad community use.",http://www.nsf.gov/publications/pub_summ.jsp?ods_key=nsf24527
529df056-4a25-4428-99b4-2afb596b23d9,24-598,Mid-scale Research Infrastructure-1,U.S. National Science Foundation,,2027-02-08,posted,19999999.0,100000000.0,10.0,large,esteban o mazzoni; Nadav Brandes; Drew Jones,Mid-scale Research Infrastructure-1 collaborative plan,"This opportunity calls for a shared resource or coordinating effort in mid-scale research infrastructure-1. esteban o mazzoni contributes expertise in we are passionate about understanding how cells acquire the functions required by a multicellular organism like the comp. Nadav Brandes contributes expertise in large language models (llms) have revolutionized artificial intelligence (ai). Drew Jones contributes expertise in the ongoing theme of my work is the invention or adaptation of advanced chromatography and mass spectrometry technology . Together, the team is positioned to deliver a rigorous plan that advances infrastructure , research , scale while meeting U.S. National Science Foundation expectations for impact and reproducibility.","Aim 1: define the central questions, datasets, and success metrics for mid-scale research infrastructure-1 with input from all team members.
Aim 2: build and quality control a shared resource for mid-scale research infrastructure-1, including standardized protocols, data structures, and access pathways.
Aim 3: validate robustness across settings, publish reproducible workflows, and create a dissemination plan for broad community use.",http://www.nsf.gov/publications/pub_summ.jsp?ods_key=nsf24598
12d19a5c-306f-415c-ad48-7697f011b0bb,RFA-TS-26-165,Identify and Evaluate Potential Risk Factors for Amyotrophic Lateral Sclerosis (ALS),Centers for Disease Control and Prevention - ERA,,,forecasted,500000.0,7500000.0,3.0,large,"Molly Gale Hammell; Hakhamanesh Mostafavi; Adam J. Ratner, MD",Identify and Evaluate Potential Risk Factors for Amyotrophic collaborative plan,"This opportunity supports hypothesis driven work in identify and evaluate potential risk factors for amyotrophic lateral sclerosis. Molly Gale Hammell contributes expertise in molly gale hammell is an associate professor in the institute for systems genetics at nyu langone health. Hakhamanesh Mostafavi contributes expertise in my lab studies the genetic basis of complex human traits and diseases. Adam J. Ratner, MD contributes expertise in bacteriology, translational. Together, the team is positioned to deliver a rigorous plan that advances amyotrophic , potential , sclerosis while meeting Centers for Disease Control and Prevention - ERA expectations for impact and reproducibility.","Aim 1: define the central questions, datasets, and success metrics for identify and evaluate potential risk factors for amyotrophic lateral sclerosis with input from all team members.
Aim 2: test key mechanisms or drivers in identify and evaluate potential risk factors for amyotrophic lateral sclerosis using complementary models, assays, and analytical approaches.
Aim 3: validate robustness across settings, publish reproducible workflows, and create a dissemination plan for broad community use.",https://www.grants.gov/search-grants?query=RFA-TS-26-165
f07264b6-4b44-4f7c-9b62-52ed9082c92f,NOT-RM-25-019,"Cellular Senescence Network (SenNet): SenNet Data Coordination, Integration and Organizational Center (U24 or UM1)",National Institutes of Health,,,forecasted,,3400000.0,25.0,large,Gregory David; Susan Smith; Paolo Mita; Andrea H. Brand,"Cellular Senescence Network : SenNet Data Coordination, Integration collaborative plan U24","This opportunity calls for a shared resource or coordinating effort in cellular senescence network : sennet data coordination, integration and organizational center. Gregory David contributes expertise in the research conducted in our laboratory centers on the interplay between aging and cancer. Susan Smith contributes expertise in my laboratory studies mechanisms of chromosome cohesion and segregation in human normal cells, stem cells, aging cells, . Paolo Mita contributes expertise in transposable elements (te) are sequences of dna that are capable of moving within a host genome, and thus are often refe. Andrea H. Brand contributes expertise in neural stem cells in the adult brain exist primarily in a quiescent state but can be reactivated in response to changing. Together, the team is positioned to deliver a rigorous plan that advances organizational , coordination , integration while meeting National Institutes of Health expectations for impact and reproducibility.","Aim 1: define the central questions, datasets, and success metrics for cellular senescence network : sennet data coordination, integration and organizational with input from all team members.
Aim 2: build and quality control a shared resource for cellular senescence network : sennet data coordination, integration and organizational, including standardized protocols, data structures, and access pathways.
Aim 3: validate robustness across settings, publish reproducible workflows, and create a dissemination plan for broad community use.",https://www.grants.gov/search-grants?query=NOT-RM-25-019
593a83b5-e3a6-4ef4-a1a4-07121d5accb9,HHS-2026-IHS-ETHIC-0001,Ending the HIV/HCV Epidemics in Indian Country,Indian Health Service,,,forecasted,,14000000.0,26.0,large,"Adam J. Ratner, MD; Nathaniel R. Landau, PhD; Ralf Duerr, MD, PhD; Nadav Brandes",Ending the HIV/HCV Epidemics in Indian Country collaborative plan,"This opportunity supports hypothesis driven work in ending the hiv/hcv epidemics in indian country. Adam J. Ratner, MD contributes expertise in bacteriology, translational. Nathaniel R. Landau, PhD contributes expertise in retrovirology, immunology. Ralf Duerr, MD, PhD contributes expertise in viral immunology, vaccine responses. Nadav Brandes contributes expertise in large language models (llms) have revolutionized artificial intelligence (ai). Together, the team is positioned to deliver a rigorous plan that advances epidemics , country , ending while meeting Indian Health Service expectations for impact and reproducibility.","Aim 1: define the central questions, datasets, and success metrics for ending the hiv/hcv epidemics in indian country with input from all team members.
Aim 2: test key mechanisms or drivers in ending the hiv/hcv epidemics in indian country using complementary models, assays, and analytical approaches.
Aim 3: validate robustness across settings, publish reproducible workflows, and create a dissemination plan for broad community use.",https://www.ihs.gov/dgm/funding/
c84ecbec-b258-4470-afa0-ff82d26ad823,W81XWH-22-DHAPP,Department of Defense HIV/AIDS Prevention Program,Dept. of the Army -- USAMRAA,,2027-09-18,posted,,,9.0,large,"Nathaniel R. Landau, PhD; Ralf Duerr, MD, PhD; Adam J. Ratner, MD",Department of Defense HIV/AIDS Prevention Program collaborative plan,"This opportunity supports hypothesis driven work in department of defense hiv/aids prevention program. Nathaniel R. Landau, PhD contributes expertise in retrovirology, immunology. Ralf Duerr, MD, PhD contributes expertise in viral immunology, vaccine responses. Adam J. Ratner, MD contributes expertise in bacteriology, translational. Together, the team is positioned to deliver a rigorous plan that advances department , prevention , defense while meeting Dept. of the Army -- USAMRAA expectations for impact and reproducibility.","Aim 1: define the central questions, datasets, and success metrics for department of defense hiv/aids prevention program with input from all team members.
Aim 2: test key mechanisms or drivers in department of defense hiv/aids prevention program using complementary models, assays, and analytical approaches.
Aim 3: validate robustness across settings, publish reproducible workflows, and create a dissemination plan for broad community use.",https://www.grants.gov/search-grants?query=W81XWH-22-DHAPP
493ea282-9ea7-48d4-9567-8495dceb20d4,RFA-AI-27-002,Infectious Diseases Clinical Trials Network (IDCTN),National Institutes of Health,,,forecasted,,29000000.0,,large,"Mila B. Ortigoza, MD, PhD; Adam J. Ratner, MD; Liat Shenhav, PhD; Stefan Feske",Infectious Diseases Clinical Trials Network collaborative plan,"This opportunity calls for a shared resource or coordinating effort in infectious diseases clinical trials network. Mila B. Ortigoza, MD, PhD contributes expertise in translational virology, clinical infectious diseases. Adam J. Ratner, MD contributes expertise in bacteriology, translational. Liat Shenhav, PhD contributes expertise in systems microbiology. Stefan Feske contributes expertise in dr. Together, the team is positioned to deliver a rigorous plan that advances infectious , clinical , diseases while meeting National Institutes of Health expectations for impact and reproducibility.","Aim 1: define the central questions, datasets, and success metrics for infectious diseases clinical trials network with input from all team members.
Aim 2: build and quality control a shared resource for infectious diseases clinical trials network, including standardized protocols, data structures, and access pathways.
Aim 3: validate findings in relevant human data or specimens and define a dissemination plan to support adoption in real world settings.",https://www.grants.gov/search-grants?query=RFA-AI-27-002
b1294532-ea01-4038-890c-0bf56d09ffd5,24-588,NSF EPSCoR Graduate Fellowship Program,U.S. National Science Foundation,,2026-06-01,posted,3180000.0,17000000.0,35.0,large,Richard Possemato; Drew Jones; Thomas Wisniewski,NSF EPSCoR Graduate Fellowship Program collaborative plan,"This opportunity emphasizes workforce development and dissemination in nsf epscor graduate fellowship program. Richard Possemato contributes expertise in i am an associate professor in the department of pathology at nyu school of medicine and co-leader of the cancer cell bi. Drew Jones contributes expertise in the ongoing theme of my work is the invention or adaptation of advanced chromatography and mass spectrometry technology . Thomas Wisniewski contributes expertise in i am a board certified neurologist and neuropathologist. Together, the team is positioned to deliver a rigorous plan that advances fellowship , graduate , program while meeting U.S. National Science Foundation expectations for impact and reproducibility.","Aim 1: define the central questions, datasets, and success metrics for nsf epscor graduate fellowship program with input from all team members.
Aim 2: test key mechanisms or drivers in nsf epscor graduate fellowship program using complementary models, assays, and analytical approaches.
Aim 3: validate robustness across settings, publish reproducible workflows, and create a dissemination plan for broad community use.",http://www.nsf.gov/publications/pub_summ.jsp?ods_key=nsf24588
f01e48a5-55ac-47b9-b924-ee3a5b619316,FOR-FD-25-009,"Cooperative Agreement to Support Activities Related to Analgesics, Anesthetics, and Addiction (U01) Clinical Trials Allowed",Food and Drug Administration,,,forecasted,2000000.0,,5.0,large,"Catherine Pei-ju Lu; Adam J. Ratner, MD; Nadav Brandes; Thomas Wisniewski","Cooperative Agreement to Support Activities Related to Analgesics, collaborative plan U01","This opportunity calls for a shared resource or coordinating effort in cooperative agreement to support activities related to analgesics, anesthetics, and addiction clinical trials allowed. Catherine Pei-ju Lu contributes expertise in my lab aims to build a comprehensive framework for understanding stem cell biology of the skin, from development to dise. Adam J. Ratner, MD contributes expertise in bacteriology, translational. Nadav Brandes contributes expertise in large language models (llms) have revolutionized artificial intelligence (ai). Thomas Wisniewski contributes expertise in i am a board certified neurologist and neuropathologist. Together, the team is positioned to deliver a rigorous plan that advances anesthetics , cooperative , activities while meeting Food and Drug Administration expectations for impact and reproducibility.","Aim 1: define the central questions, datasets, and success metrics for cooperative agreement to support activities related to analgesics, anesthetics, and with input from all team members.
Aim 2: build and quality control a shared resource for cooperative agreement to support activities related to analgesics, anesthetics, and, including standardized protocols, data structures, and access pathways.
Aim 3: validate findings in relevant human data or specimens and define a dissemination plan to support adoption in real world settings.",https://www.grants.gov/search-grants?query=FOR-FD-25-009
24e694ee-a9d9-4231-9b02-b4ad438ea211,NOT-RM-25-018,Cellular Senescence Network (SenNet):Technology Projects (UG3/UH3 Clinical Trial Not Allowed),National Institutes of Health,,,forecasted,,6000000.0,15.0,large,Gregory David; Susan Smith; Paolo Mita; esteban o mazzoni,Cellular Senescence Network :Technology Projects collaborative plan,"This opportunity calls for a shared resource or coordinating effort in cellular senescence network :technology projects. Gregory David contributes expertise in the research conducted in our laboratory centers on the interplay between aging and cancer. Susan Smith contributes expertise in my laboratory studies mechanisms of chromosome cohesion and segregation in human normal cells, stem cells, aging cells, . Paolo Mita contributes expertise in transposable elements (te) are sequences of dna that are capable of moving within a host genome, and thus are often refe. esteban o mazzoni contributes expertise in we are passionate about understanding how cells acquire the functions required by a multicellular organism like the comp. Together, the team is positioned to deliver a rigorous plan that advances senescence , technology , cellular while meeting National Institutes of Health expectations for impact and reproducibility.","Aim 1: define the central questions, datasets, and success metrics for cellular senescence network :technology projects with input from all team members.
Aim 2: build and quality control a shared resource for cellular senescence network :technology projects, including standardized protocols, data structures, and access pathways.
Aim 3: validate findings in relevant human data or specimens and define a dissemination plan to support adoption in real world settings.",https://www.grants.gov/search-grants?query=NOT-RM-25-018
4b8c6fc1-6503-4e61-b939-bcfd0df080b6,HRSA-26-047,Rural Residency Planning and Development Program,Health Resources and Services Administration,,,forecasted,750000.0,10500000.0,14.0,large,Richard Possemato; David Fenyo; Drew Jones,Rural Residency Planning and Development Program collaborative plan,"This opportunity supports hypothesis driven work in rural residency planning and development program. Richard Possemato contributes expertise in i am an associate professor in the department of pathology at nyu school of medicine and co-leader of the cancer cell bi. David Fenyo contributes expertise in in my research i apply mathematical, statistical and computational methods to provide a detailed understanding of the dy. Drew Jones contributes expertise in the ongoing theme of my work is the invention or adaptation of advanced chromatography and mass spectrometry technology . Together, the team is positioned to deliver a rigorous plan that advances development , residency , planning while meeting Health Resources and Services Administration expectations for impact and reproducibility.","Aim 1: define the central questions, datasets, and success metrics for rural residency planning and development program with input from all team members.
Aim 2: test key mechanisms or drivers in rural residency planning and development program using complementary models, assays, and analytical approaches.
Aim 3: validate robustness across settings, publish reproducible workflows, and create a dissemination plan for broad community use.",https://www.grants.gov/search-grants?query=HRSA-26-047
958d65fb-8ced-4b0c-b527-1ba4d4109fc4,21-552,Innovation Corps Teams (I-CorpsTM* Teams)  Program,U.S. National Science Foundation,,,posted,,12750000.0,255.0,large,"Richard Possemato; esteban o mazzoni; Robert J. Schneider, PhD",Innovation Corps Teams Program collaborative plan,"This opportunity supports hypothesis driven work in innovation corps teams program. Richard Possemato contributes expertise in i am an associate professor in the department of pathology at nyu school of medicine and co-leader of the cancer cell bi. esteban o mazzoni contributes expertise in we are passionate about understanding how cells acquire the functions required by a multicellular organism like the comp. Robert J. Schneider, PhD contributes expertise in rna biology, translation control. Together, the team is positioned to deliver a rigorous plan that advances innovation , program , corps while meeting U.S. National Science Foundation expectations for impact and reproducibility.","Aim 1: define the central questions, datasets, and success metrics for innovation corps teams program with input from all team members.
Aim 2: test key mechanisms or drivers in innovation corps teams program using complementary models, assays, and analytical approaches.
Aim 3: validate robustness across settings, publish reproducible workflows, and create a dissemination plan for broad community use.",http://www.nsf.gov/publications/pub_summ.jsp?ods_key=nsf21552
392e3547-dea5-4af0-bb7d-02d3cb7b4de2,22-586,Faculty Early Career Development Program,U.S. National Science Foundation,,2026-07-22,posted,,250000000.0,,large,Drew Jones; Nadav Brandes; Ran Brosh; Hakhamanesh Mostafavi,Faculty Early Career Development Program collaborative plan,"This opportunity emphasizes workforce development and dissemination in faculty early career development program. Drew Jones contributes expertise in the ongoing theme of my work is the invention or adaptation of advanced chromatography and mass spectrometry technology . Nadav Brandes contributes expertise in large language models (llms) have revolutionized artificial intelligence (ai). Ran Brosh contributes expertise in i have two roles: [1] as faculty at isg/pathology i am leading the dark matter project, a collaborative effort to use sy. Hakhamanesh Mostafavi contributes expertise in my lab studies the genetic basis of complex human traits and diseases. Together, the team is positioned to deliver a rigorous plan that advances development , faculty , program while meeting U.S. National Science Foundation expectations for impact and reproducibility.","Aim 1: define the central questions, datasets, and success metrics for faculty early career development program with input from all team members.
Aim 2: test key mechanisms or drivers in faculty early career development program using complementary models, assays, and analytical approaches.
Aim 3: validate findings in relevant human data or specimens and define a dissemination plan to support adoption in real world settings.",http://www.nsf.gov/publications/pub_summ.jsp?ods_key=nsf22586
311a7cd4-b9d8-426d-afcc-37f484a88d6c,PD-23-5345,Engineering of Biomedical Systems,U.S. National Science Foundation,,,posted,,10400000.0,,large,"Ramin Herati, MD; Paolo Mita; Catherine Pei-ju Lu; Ran Brosh",Engineering of Biomedical Systems collaborative plan,"This opportunity supports hypothesis driven work in engineering of biomedical systems. Ramin Herati, MD contributes expertise in human immunology, systems immunology. Paolo Mita contributes expertise in transposable elements (te) are sequences of dna that are capable of moving within a host genome, and thus are often refe. Catherine Pei-ju Lu contributes expertise in my lab aims to build a comprehensive framework for understanding stem cell biology of the skin, from development to dise. Ran Brosh contributes expertise in i have two roles: [1] as faculty at isg/pathology i am leading the dark matter project, a collaborative effort to use sy. Together, the team is positioned to deliver a rigorous plan that advances engineering , biomedical , systems while meeting U.S. National Science Foundation expectations for impact and reproducibility.","Aim 1: define the central questions, datasets, and success metrics for engineering of biomedical systems with input from all team members.
Aim 2: develop and benchmark a scalable tool or platform for engineering of biomedical systems that leverages the complementary strengths of the team.
Aim 3: validate robustness across settings, publish reproducible workflows, and create a dissemination plan for broad community use.",http://www.nsf.gov/funding/pgm_summ.jsp?pims_id=506063
4b274a2d-11c3-4ebb-98a5-809bb884b381,25-548,Accelerating Research Translation,U.S. National Science Foundation,,2026-01-15,posted,8000000.0,178000000.0,,large,"Robert J. Schneider, PhD; Ian J. Mohr, PhD; Drew Jones",Accelerating Research Translation collaborative plan,"This opportunity supports hypothesis driven work in accelerating research translation. Robert J. Schneider, PhD contributes expertise in rna biology, translation control. Ian J. Mohr, PhD contributes expertise in virology, post-transcriptional gene regulation. Drew Jones contributes expertise in the ongoing theme of my work is the invention or adaptation of advanced chromatography and mass spectrometry technology . Together, the team is positioned to deliver a rigorous plan that advances accelerating , translation , research while meeting U.S. National Science Foundation expectations for impact and reproducibility.","Aim 1: define the central questions, datasets, and success metrics for accelerating research translation with input from all team members.
Aim 2: test key mechanisms or drivers in accelerating research translation using complementary models, assays, and analytical approaches.
Aim 3: validate robustness across settings, publish reproducible workflows, and create a dissemination plan for broad community use.",http://www.nsf.gov/publications/pub_summ.jsp?ods_key=nsf25548
136a5f16-d648-49ae-9bef-0c74b2bde92c,24-573,EPSCoR Research Infrastructure Improvement Program: Focused EPSCoR Collaborations Program (FEC),U.S. National Science Foundation,,2026-01-27,posted,1500000.0,18000000.0,,large,Catherine Pei-ju Lu; Elaine (Lyn) Wilson; Ran Brosh,EPSCoR Research Infrastructure Improvement Program: Focused EPSCoR Collaborations collaborative plan,"This opportunity calls for a shared resource or coordinating effort in epscor research infrastructure improvement program: focused epscor collaborations program. Catherine Pei-ju Lu contributes expertise in my lab aims to build a comprehensive framework for understanding stem cell biology of the skin, from development to dise. Elaine (Lyn) Wilson contributes expertise in my major contributions have been to the field of tumor cell biology, and more recently to the relationship between norma. Ran Brosh contributes expertise in i have two roles: [1] as faculty at isg/pathology i am leading the dark matter project, a collaborative effort to use sy. Together, the team is positioned to deliver a rigorous plan that advances program , epscor , collaborations while meeting U.S. National Science Foundation expectations for impact and reproducibility.","Aim 1: define the central questions, datasets, and success metrics for epscor research infrastructure improvement program: focused epscor collaborations program with input from all team members.
Aim 2: build and quality control a shared resource for epscor research infrastructure improvement program: focused epscor collaborations program, including standardized protocols, data structures, and access pathways.
Aim 3: validate robustness across settings, publish reproducible workflows, and create a dissemination plan for broad community use.",http://www.nsf.gov/publications/pub_summ.jsp?ods_key=nsf24573
12f44579-b7b8-43b0-935f-73c8011be8d8,23-598,Historically Black Colleges and Universities - Excellence in Research,U.S. National Science Foundation,,2026-10-20,posted,,28000000.0,35.0,large,Richard Possemato; Catherine Pei-ju Lu; Drew Jones; Pau Castel,Historically Black Colleges and Universities - Excellence in collaborative plan,"This opportunity supports hypothesis driven work in historically black colleges and universities - excellence in research. Richard Possemato contributes expertise in i am an associate professor in the department of pathology at nyu school of medicine and co-leader of the cancer cell bi. Catherine Pei-ju Lu contributes expertise in my lab aims to build a comprehensive framework for understanding stem cell biology of the skin, from development to dise. Drew Jones contributes expertise in the ongoing theme of my work is the invention or adaptation of advanced chromatography and mass spectrometry technology . Pau Castel contributes expertise in the castel laboratory is interested in understanding the molecular mechanisms underlying oncoprotein-mediated transforma. Together, the team is positioned to deliver a rigorous plan that advances historically , universities , excellence while meeting U.S. National Science Foundation expectations for impact and reproducibility.","Aim 1: define the central questions, datasets, and success metrics for historically black colleges and universities - excellence in research with input from all team members.
Aim 2: test key mechanisms or drivers in historically black colleges and universities - excellence in research using complementary models, assays, and analytical approaches.
Aim 3: validate robustness across settings, publish reproducible workflows, and create a dissemination plan for broad community use.",http://www.nsf.gov/publications/pub_summ.jsp?ods_key=nsf23598
85e5aa70-0599-4614-b128-e1d9d0db6d2a,24-506,International Research Experiences for Students,U.S. National Science Foundation,,2026-10-26,posted,,12000000.0,25.0,large,Richard Possemato; Drew Jones; Aravinda Chakravarti; Elaine (Lyn) Wilson,International Research Experiences for Students collaborative plan,"This opportunity supports hypothesis driven work in international research experiences for students. Richard Possemato contributes expertise in i am an associate professor in the department of pathology at nyu school of medicine and co-leader of the cancer cell bi. Drew Jones contributes expertise in the ongoing theme of my work is the invention or adaptation of advanced chromatography and mass spectrometry technology . Aravinda Chakravarti contributes expertise in contributions to science 1. Elaine (Lyn) Wilson contributes expertise in my major contributions have been to the field of tumor cell biology, and more recently to the relationship between norma. Together, the team is positioned to deliver a rigorous plan that advances international , experiences , research while meeting U.S. National Science Foundation expectations for impact and reproducibility.","Aim 1: define the central questions, datasets, and success metrics for international research experiences for students with input from all team members.
Aim 2: test key mechanisms or drivers in international research experiences for students using complementary models, assays, and analytical approaches.
Aim 3: validate robustness across settings, publish reproducible workflows, and create a dissemination plan for broad community use.",http://www.nsf.gov/publications/pub_summ.jsp?ods_key=nsf24506
065de23d-8220-4dbb-9ea2-82ae8e9fb4dc,25-533,Findable Accessible Interoperable Reusable Open Science,U.S. National Science Foundation,,2026-04-08,posted,,6000000.0,10.0,large,"Liat Shenhav, PhD; David Fenyo; Drew Jones",Findable Accessible Interoperable Reusable Open Science collaborative plan,"This opportunity supports hypothesis driven work in findable accessible interoperable reusable open science. Liat Shenhav, PhD contributes expertise in systems microbiology. David Fenyo contributes expertise in in my research i apply mathematical, statistical and computational methods to provide a detailed understanding of the dy. Drew Jones contributes expertise in the ongoing theme of my work is the invention or adaptation of advanced chromatography and mass spectrometry technology . Together, the team is positioned to deliver a rigorous plan that advances interoperable , accessible , findable while meeting U.S. National Science Foundation expectations for impact and reproducibility.","Aim 1: define the central questions, datasets, and success metrics for findable accessible interoperable reusable open science with input from all team members.
Aim 2: test key mechanisms or drivers in findable accessible interoperable reusable open science using complementary models, assays, and analytical approaches.
Aim 3: validate robustness across settings, publish reproducible workflows, and create a dissemination plan for broad community use.",http://www.nsf.gov/publications/pub_summ.jsp?ods_key=nsf25533
5502ea61-9863-4719-b2ee-3f25e8659cef,24-597,U.S. National Science Foundation Research Traineeship (NRT) Program,U.S. National Science Foundation,,2026-09-08,posted,3000000.0,53000000.0,20.0,large,Elaine (Lyn) Wilson; Ran Brosh; Richard Possemato; Andrea H. Brand,U.S. National Science Foundation Research Traineeship Program collaborative plan,"This opportunity supports hypothesis driven work in u.s. national science foundation research traineeship program. Elaine (Lyn) Wilson contributes expertise in my major contributions have been to the field of tumor cell biology, and more recently to the relationship between norma. Ran Brosh contributes expertise in i have two roles: [1] as faculty at isg/pathology i am leading the dark matter project, a collaborative effort to use sy. Richard Possemato contributes expertise in i am an associate professor in the department of pathology at nyu school of medicine and co-leader of the cancer cell bi. Andrea H. Brand contributes expertise in neural stem cells in the adult brain exist primarily in a quiescent state but can be reactivated in response to changing. Together, the team is positioned to deliver a rigorous plan that advances traineeship , foundation , national while meeting U.S. National Science Foundation expectations for impact and reproducibility.","Aim 1: define the central questions, datasets, and success metrics for u.s. national science foundation research traineeship program with input from all team members.
Aim 2: test key mechanisms or drivers in u.s. national science foundation research traineeship program using complementary models, assays, and analytical approaches.
Aim 3: validate robustness across settings, publish reproducible workflows, and create a dissemination plan for broad community use.",http://www.nsf.gov/publications/pub_summ.jsp?ods_key=nsf24597
e63645c9-28df-46cb-b419-ef9f1675c4ad,23-619,Accelerating Research through International Network-to-Network Collaborations,U.S. National Science Foundation,,2026-09-21,posted,,10000000.0,14.0,large,Aravinda Chakravarti; Nadav Brandes; David Fenyo,Accelerating Research through International Network-to-Network Collaborations collaborative plan,"This opportunity calls for a shared resource or coordinating effort in accelerating research through international network-to-network collaborations. Aravinda Chakravarti contributes expertise in contributions to science 1. Nadav Brandes contributes expertise in large language models (llms) have revolutionized artificial intelligence (ai). David Fenyo contributes expertise in in my research i apply mathematical, statistical and computational methods to provide a detailed understanding of the dy. Together, the team is positioned to deliver a rigorous plan that advances network , collaborations , international while meeting U.S. National Science Foundation expectations for impact and reproducibility.","Aim 1: define the central questions, datasets, and success metrics for accelerating research through international network-to-network collaborations with input from all team members.
Aim 2: build and quality control a shared resource for accelerating research through international network-to-network collaborations, including standardized protocols, data structures, and access pathways.
Aim 3: validate robustness across settings, publish reproducible workflows, and create a dissemination plan for broad community use.",http://www.nsf.gov/publications/pub_summ.jsp?ods_key=nsf23619
847cbfa3-7f00-4b91-bd69-e0b7f5c676f3,23-519,Major Research Instrumentation Program,U.S. National Science Foundation,,2026-11-16,posted,4000000.0,75000000.0,,large,Catherine Pei-ju Lu; Ran Brosh; Richard Possemato; Jef D. Boeke,Major Research Instrumentation Program collaborative plan,"This opportunity supports hypothesis driven work in major research instrumentation program. Catherine Pei-ju Lu contributes expertise in my lab aims to build a comprehensive framework for understanding stem cell biology of the skin, from development to dise. Ran Brosh contributes expertise in i have two roles: [1] as faculty at isg/pathology i am leading the dark matter project, a collaborative effort to use sy. Richard Possemato contributes expertise in i am an associate professor in the department of pathology at nyu school of medicine and co-leader of the cancer cell bi. Jef D. Boeke contributes expertise in leads a synthetic genomics and genome writing program focused on designing, assembling, and installing very large dna co. Together, the team is positioned to deliver a rigorous plan that advances instrumentation , research , program while meeting U.S. National Science Foundation expectations for impact and reproducibility.","Aim 1: define the central questions, datasets, and success metrics for major research instrumentation program with input from all team members.
Aim 2: test key mechanisms or drivers in major research instrumentation program using complementary models, assays, and analytical approaches.
Aim 3: validate robustness across settings, publish reproducible workflows, and create a dissemination plan for broad community use.",http://www.nsf.gov/publications/pub_summ.jsp?ods_key=nsf23519
5937fcae-3395-414e-968d-0c9f14113657,PD-24-7414,Cyberinfrastructure for Public Access and Open Science,U.S. National Science Foundation,,,posted,600000.0,600000.0,10.0,large,"Michael J. Garabedian, PhD; David Fenyo; Drew Jones; Molly Gale Hammell",Cyberinfrastructure for Public Access and Open Science collaborative plan,"This opportunity calls for a shared resource or coordinating effort in cyberinfrastructure for public access and open science. Michael J. Garabedian, PhD contributes expertise in microbiology, nuclear receptor signaling. David Fenyo contributes expertise in in my research i apply mathematical, statistical and computational methods to provide a detailed understanding of the dy. Drew Jones contributes expertise in the ongoing theme of my work is the invention or adaptation of advanced chromatography and mass spectrometry technology . Molly Gale Hammell contributes expertise in molly gale hammell is an associate professor in the institute for systems genetics at nyu langone health. Together, the team is positioned to deliver a rigorous plan that advances cyberinfrastructure , science , access while meeting U.S. National Science Foundation expectations for impact and reproducibility.","Aim 1: define the central questions, datasets, and success metrics for cyberinfrastructure for public access and open science with input from all team members.
Aim 2: build and quality control a shared resource for cyberinfrastructure for public access and open science, including standardized protocols, data structures, and access pathways.
Aim 3: validate robustness across settings, publish reproducible workflows, and create a dissemination plan for broad community use.",http://www.nsf.gov/funding/pgm_summ.jsp?pims_id=506307
d0d4d391-fca7-490f-99e4-018a0a05c4fd,25-549,NSF National Innovation Corps Teams (NSF National I-Corps (TM) Teams) program,U.S. National Science Foundation,,,posted,,12000000.0,,large,"Michael J. Garabedian, PhD; David Fenyo; Drew Jones; Nadav Brandes",NSF National Innovation Corps Teams Teams) program collaborative plan,"This opportunity supports hypothesis driven work in nsf national innovation corps teams teams) program. Michael J. Garabedian, PhD contributes expertise in microbiology, nuclear receptor signaling. David Fenyo contributes expertise in in my research i apply mathematical, statistical and computational methods to provide a detailed understanding of the dy. Drew Jones contributes expertise in the ongoing theme of my work is the invention or adaptation of advanced chromatography and mass spectrometry technology . Nadav Brandes contributes expertise in large language models (llms) have revolutionized artificial intelligence (ai). Together, the team is positioned to deliver a rigorous plan that advances teams , innovation , national while meeting U.S. National Science Foundation expectations for impact and reproducibility.","Aim 1: define the central questions, datasets, and success metrics for nsf national innovation corps teams teams) program with input from all team members.
Aim 2: test key mechanisms or drivers in nsf national innovation corps teams teams) program using complementary models, assays, and analytical approaches.
Aim 3: validate robustness across settings, publish reproducible workflows, and create a dissemination plan for broad community use.",http://www.nsf.gov/publications/pub_summ.jsp?ods_key=nsf25549
a59333fd-946c-4daf-8b67-eb0eed68b83d,24-606,Pathways to Enable Open-Source Ecosystems,U.S. National Science Foundation,,2026-01-13,posted,1500000.0,27800000.0,50.0,large,"Jonas Schluter, PhD; Liat Shenhav, PhD; Richard Possemato; Catherine Pei-ju Lu",Pathways to Enable Open-Source Ecosystems collaborative plan,"This opportunity supports hypothesis driven work in pathways to enable open-source ecosystems. Jonas Schluter, PhD contributes expertise in systems microbiology, immunology. Liat Shenhav, PhD contributes expertise in systems microbiology. Richard Possemato contributes expertise in i am an associate professor in the department of pathology at nyu school of medicine and co-leader of the cancer cell bi. Catherine Pei-ju Lu contributes expertise in my lab aims to build a comprehensive framework for understanding stem cell biology of the skin, from development to dise. Together, the team is positioned to deliver a rigorous plan that advances ecosystems , pathways , enable while meeting U.S. National Science Foundation expectations for impact and reproducibility.","Aim 1: define the central questions, datasets, and success metrics for pathways to enable open-source ecosystems with input from all team members.
Aim 2: test key mechanisms or drivers in pathways to enable open-source ecosystems using complementary models, assays, and analytical approaches.
Aim 3: validate robustness across settings, publish reproducible workflows, and create a dissemination plan for broad community use.",http://www.nsf.gov/publications/pub_summ.jsp?ods_key=nsf24606
01db6b26-98f3-43cc-ba54-f38ee97aefdb,25-540,National Science Foundation Translation to Practice,U.S. National Science Foundation,,2026-01-20,posted,2000000.0,30000000.0,,large,"Robert J. Schneider, PhD; Ian J. Mohr, PhD; Catherine Pei-ju Lu; Drew Jones",National Science Foundation Translation to Practice collaborative plan,"This opportunity supports hypothesis driven work in national science foundation translation to practice. Robert J. Schneider, PhD contributes expertise in rna biology, translation control. Ian J. Mohr, PhD contributes expertise in virology, post-transcriptional gene regulation. Catherine Pei-ju Lu contributes expertise in my lab aims to build a comprehensive framework for understanding stem cell biology of the skin, from development to dise. Drew Jones contributes expertise in the ongoing theme of my work is the invention or adaptation of advanced chromatography and mass spectrometry technology . Together, the team is positioned to deliver a rigorous plan that advances translation , foundation , national while meeting U.S. National Science Foundation expectations for impact and reproducibility.","Aim 1: define the central questions, datasets, and success metrics for national science foundation translation to practice with input from all team members.
Aim 2: test key mechanisms or drivers in national science foundation translation to practice using complementary models, assays, and analytical approaches.
Aim 3: validate robustness across settings, publish reproducible workflows, and create a dissemination plan for broad community use.",http://www.nsf.gov/publications/pub_summ.jsp?ods_key=nsf25540
723b7985-22ad-4264-be88-518100618931,24-528,EPSCoR Research Infrastructure Improvement (RII): EPSCoR Research Fellows,U.S. National Science Foundation,,2026-04-14,posted,,15000000.0,,large,Richard Possemato; Catherine Pei-ju Lu; Drew Jones,EPSCoR Research Infrastructure Improvement : EPSCoR Research Fellows collaborative plan,"This opportunity calls for a shared resource or coordinating effort in epscor research infrastructure improvement : epscor research fellows. Richard Possemato contributes expertise in i am an associate professor in the department of pathology at nyu school of medicine and co-leader of the cancer cell bi. Catherine Pei-ju Lu contributes expertise in my lab aims to build a comprehensive framework for understanding stem cell biology of the skin, from development to dise. Drew Jones contributes expertise in the ongoing theme of my work is the invention or adaptation of advanced chromatography and mass spectrometry technology . Together, the team is positioned to deliver a rigorous plan that advances research , epscor , infrastructure while meeting U.S. National Science Foundation expectations for impact and reproducibility.","Aim 1: define the central questions, datasets, and success metrics for epscor research infrastructure improvement : epscor research fellows with input from all team members.
Aim 2: build and quality control a shared resource for epscor research infrastructure improvement : epscor research fellows, including standardized protocols, data structures, and access pathways.
Aim 3: validate robustness across settings, publish reproducible workflows, and create a dissemination plan for broad community use.",http://www.nsf.gov/publications/pub_summ.jsp?ods_key=nsf24528
27185aa6-d3de-4756-9e5c-3a966bf70fc7,24-608,"Safety, Security, and Privacy of Open-Source Ecosystems",U.S. National Science Foundation,,2026-04-28,posted,,15000000.0,,large,"Jonas Schluter, PhD; Liat Shenhav, PhD; Stefan Feske","Safety, Security, and Privacy of Open-Source Ecosystems collaborative plan","This opportunity supports hypothesis driven work in safety, security, and privacy of open-source ecosystems. Jonas Schluter, PhD contributes expertise in systems microbiology, immunology. Liat Shenhav, PhD contributes expertise in systems microbiology. Stefan Feske contributes expertise in dr. Together, the team is positioned to deliver a rigorous plan that advances ecosystems , security , privacy while meeting U.S. National Science Foundation expectations for impact and reproducibility.","Aim 1: define the central questions, datasets, and success metrics for safety, security, and privacy of open-source ecosystems with input from all team members.
Aim 2: test key mechanisms or drivers in safety, security, and privacy of open-source ecosystems using complementary models, assays, and analytical approaches.
Aim 3: validate robustness across settings, publish reproducible workflows, and create a dissemination plan for broad community use.",http://www.nsf.gov/publications/pub_summ.jsp?ods_key=nsf24608
97e7fa32-4f8f-45a0-847a-3f84f1ac56fb,22-622,NSF's Eddie Bernice Johnson Inclusion across the Nation of Communities of Learners of Underrepresented Discoverers in Engineering and Science (INCLUDES) Initiative,U.S. National Science Foundation,,2026-05-12,posted,,5500000.0,15.0,large,Catherine Pei-ju Lu; David Fenyo; Elaine (Lyn) Wilson,NSF's Eddie Bernice Johnson Inclusion across the Nation collaborative plan,"This opportunity supports hypothesis driven work in nsf's eddie bernice johnson inclusion across the nation of communities of learners of underrepresented. Catherine Pei-ju Lu contributes expertise in my lab aims to build a comprehensive framework for understanding stem cell biology of the skin, from development to dise. David Fenyo contributes expertise in in my research i apply mathematical, statistical and computational methods to provide a detailed understanding of the dy. Elaine (Lyn) Wilson contributes expertise in my major contributions have been to the field of tumor cell biology, and more recently to the relationship between norma. Together, the team is positioned to deliver a rigorous plan that advances underrepresented , communities , discoverers while meeting U.S. National Science Foundation expectations for impact and reproducibility.","Aim 1: define the central questions, datasets, and success metrics for nsf's eddie bernice johnson inclusion across the nation of communities with input from all team members.
Aim 2: develop and benchmark a scalable tool or platform for nsf's eddie bernice johnson inclusion across the nation of communities that leverages the complementary strengths of the team.
Aim 3: validate robustness across settings, publish reproducible workflows, and create a dissemination plan for broad community use.",http://www.nsf.gov/publications/pub_summ.jsp?ods_key=nsf22622
19553c47-f333-4b57-b6c3-74f38305903f,23-601,Research Experiences for Undergraduates,U.S. National Science Foundation,,2026-08-19,posted,500000.0,84800000.0,1350.0,large,Richard Possemato; Drew Jones; Jane Skok; Michele Pagano,Research Experiences for Undergraduates collaborative plan,"This opportunity supports hypothesis driven work in research experiences for undergraduates. Richard Possemato contributes expertise in i am an associate professor in the department of pathology at nyu school of medicine and co-leader of the cancer cell bi. Drew Jones contributes expertise in the ongoing theme of my work is the invention or adaptation of advanced chromatography and mass spectrometry technology . Jane Skok contributes expertise in to uncover how ctcf/ctcfl, cohesin, transcription factors, and nucleosomes generate tunable insulation and state-specifi. Michele Pagano contributes expertise in our laboratory is interested in how ubiquitin-mediated proteolysis controls the three key dimensions of cellular life: p. Together, the team is positioned to deliver a rigorous plan that advances undergraduates , experiences , research while meeting U.S. National Science Foundation expectations for impact and reproducibility.","Aim 1: define the central questions, datasets, and success metrics for research experiences for undergraduates with input from all team members.
Aim 2: test key mechanisms or drivers in research experiences for undergraduates using complementary models, assays, and analytical approaches.
Aim 3: validate robustness across settings, publish reproducible workflows, and create a dissemination plan for broad community use.",http://www.nsf.gov/publications/pub_summ.jsp?ods_key=nsf23601
1c78cc36-ef5b-43ad-805d-b0b46faee849,14-579,Facilitating Research at Predominantly Undergraduate Institutions:,U.S. National Science Foundation,,,posted,,56000000.0,,large,Richard Possemato; Ran Brosh; Drew Jones; Molly Gale Hammell,Facilitating Research at Predominantly Undergraduate Institutions: collaborative plan,"This opportunity supports hypothesis driven work in facilitating research at predominantly undergraduate institutions:. Richard Possemato contributes expertise in i am an associate professor in the department of pathology at nyu school of medicine and co-leader of the cancer cell bi. Ran Brosh contributes expertise in i have two roles: [1] as faculty at isg/pathology i am leading the dark matter project, a collaborative effort to use sy. Drew Jones contributes expertise in the ongoing theme of my work is the invention or adaptation of advanced chromatography and mass spectrometry technology . Molly Gale Hammell contributes expertise in molly gale hammell is an associate professor in the institute for systems genetics at nyu langone health. Together, the team is positioned to deliver a rigorous plan that advances predominantly , undergraduate , facilitating while meeting U.S. National Science Foundation expectations for impact and reproducibility.","Aim 1: define the central questions, datasets, and success metrics for facilitating research at predominantly undergraduate institutions: with input from all team members.
Aim 2: test key mechanisms or drivers in facilitating research at predominantly undergraduate institutions: using complementary models, assays, and analytical approaches.
Aim 3: validate robustness across settings, publish reproducible workflows, and create a dissemination plan for broad community use.",http://www.nsf.gov/publications/pub_summ.jsp?ods_key=nsf14579
84e0a1e2-18c0-422b-8ac7-1618bf4597e9,24-540,Established Program to Stimulate Competitive Research (EPSCoR):  Workshop Opportunities,U.S. National Science Foundation,,,posted,200000.0,1500000.0,20.0,large,Drew Jones; Richard Possemato; David Fenyo,Established Program to Stimulate Competitive Research : Workshop collaborative plan,"This opportunity supports hypothesis driven work in established program to stimulate competitive research : workshop opportunities. Drew Jones contributes expertise in the ongoing theme of my work is the invention or adaptation of advanced chromatography and mass spectrometry technology . Richard Possemato contributes expertise in i am an associate professor in the department of pathology at nyu school of medicine and co-leader of the cancer cell bi. David Fenyo contributes expertise in in my research i apply mathematical, statistical and computational methods to provide a detailed understanding of the dy. Together, the team is positioned to deliver a rigorous plan that advances opportunities , competitive , established while meeting U.S. National Science Foundation expectations for impact and reproducibility.","Aim 1: define the central questions, datasets, and success metrics for established program to stimulate competitive research : workshop opportunities with input from all team members.
Aim 2: test key mechanisms or drivers in established program to stimulate competitive research : workshop opportunities using complementary models, assays, and analytical approaches.
Aim 3: validate robustness across settings, publish reproducible workflows, and create a dissemination plan for broad community use.",http://www.nsf.gov/publications/pub_summ.jsp?ods_key=nsf24540
e8fdae75-ffe0-44ad-8328-47ddfaee5840,CDC-RFA-CK-26-0107,Building National Partnerships for the Prevention of Emerging and Reemerging Infectious Diseases,Centers for Disease Control - NCEZID,,,forecasted,30000000.0,150000000.0,15.0,large,"Bo Shopsin, MD, PhD; Alejandro Pironti, PhD; Jonas Schluter, PhD; Adam J. Ratner, MD",Building National Partnerships for the Prevention of Emerging collaborative plan,"This opportunity supports hypothesis driven work in building national partnerships for the prevention of emerging and reemerging infectious diseases. Bo Shopsin, MD, PhD contributes expertise in bacteriology, antimicrobial resistance. Alejandro Pironti, PhD contributes expertise in microbial genomics, antimicrobial resistance. Jonas Schluter, PhD contributes expertise in systems microbiology, immunology. Adam J. Ratner, MD contributes expertise in bacteriology, translational. Together, the team is positioned to deliver a rigorous plan that advances partnerships , infectious , prevention while meeting Centers for Disease Control - NCEZID expectations for impact and reproducibility.","Aim 1: define the central questions, datasets, and success metrics for building national partnerships for the prevention of emerging and reemerging with input from all team members.
Aim 2: test key mechanisms or drivers in building national partnerships for the prevention of emerging and reemerging using complementary models, assays, and analytical approaches.
Aim 3: validate robustness across settings, publish reproducible workflows, and create a dissemination plan for broad community use.",https://www.grants.gov/search-grants?query=CDC-RFA-CK-26-0107
fb2c5352-295a-466a-9b53-e6a1428efcda,NOT-RM-25-035,Continued Development of the Gabriella Miller Kids First Pediatric Data Resource Center (U2C Clinical Trials Not Allowed),National Institutes of Health,,,forecasted,,5200000.0,,large,"David Fenyo; Adam J. Ratner, MD; Drew Jones; Pau Castel",Continued Development of the Gabriella Miller Kids First collaborative plan,"This opportunity calls for a shared resource or coordinating effort in continued development of the gabriella miller kids first pediatric data resource center. David Fenyo contributes expertise in in my research i apply mathematical, statistical and computational methods to provide a detailed understanding of the dy. Adam J. Ratner, MD contributes expertise in bacteriology, translational. Drew Jones contributes expertise in the ongoing theme of my work is the invention or adaptation of advanced chromatography and mass spectrometry technology . Pau Castel contributes expertise in the castel laboratory is interested in understanding the molecular mechanisms underlying oncoprotein-mediated transforma. Together, the team is positioned to deliver a rigorous plan that advances development , continued , gabriella while meeting National Institutes of Health expectations for impact and reproducibility.","Aim 1: define the central questions, datasets, and success metrics for continued development of the gabriella miller kids first pediatric data with input from all team members.
Aim 2: build and quality control a shared resource for continued development of the gabriella miller kids first pediatric data, including standardized protocols, data structures, and access pathways.
Aim 3: validate findings in relevant human data or specimens and define a dissemination plan to support adoption in real world settings.",https://www.grants.gov/search-grants?query=NOT-RM-25-035
40ac94ea-e7b9-44af-9ae4-d3340c342757,NOT-RM-25-025,PRIMED-AI: Validation Center (U54 Clinical Trial Not Allowed),National Institutes of Health,,,forecasted,,3900000.0,,large,"Nadav Brandes; David Fenyo; Liat Shenhav, PhD; Drew Jones",PRIMED-AI: Validation Center collaborative plan U54,"This opportunity calls for a shared resource or coordinating effort in primed-ai: validation center. Nadav Brandes contributes expertise in large language models (llms) have revolutionized artificial intelligence (ai). David Fenyo contributes expertise in in my research i apply mathematical, statistical and computational methods to provide a detailed understanding of the dy. Liat Shenhav, PhD contributes expertise in systems microbiology. Drew Jones contributes expertise in the ongoing theme of my work is the invention or adaptation of advanced chromatography and mass spectrometry technology . Together, the team is positioned to deliver a rigorous plan that advances validation , center , primed while meeting National Institutes of Health expectations for impact and reproducibility.","Aim 1: define the central questions, datasets, and success metrics for primed-ai: validation center with input from all team members.
Aim 2: build and quality control a shared resource for primed-ai: validation center, including standardized protocols, data structures, and access pathways.
Aim 3: validate findings in relevant human data or specimens and define a dissemination plan to support adoption in real world settings.",https://www.grants.gov/search-grants?query=NOT-RM-25-025
a975ac4b-ca02-4d2b-8dcd-c75493f04087,NOT-RM-25-026,PRIMED-AI: Logistics Center (U24 Clinical Trial Not Allowed),National Institutes of Health,,,forecasted,,2750000.0,,large,"Nadav Brandes; David Fenyo; Liat Shenhav, PhD; Thomas Wisniewski",PRIMED-AI: Logistics Center collaborative plan U24,"This opportunity calls for a shared resource or coordinating effort in primed-ai: logistics center. Nadav Brandes contributes expertise in large language models (llms) have revolutionized artificial intelligence (ai). David Fenyo contributes expertise in in my research i apply mathematical, statistical and computational methods to provide a detailed understanding of the dy. Liat Shenhav, PhD contributes expertise in systems microbiology. Thomas Wisniewski contributes expertise in i am a board certified neurologist and neuropathologist. Together, the team is positioned to deliver a rigorous plan that advances logistics , center , primed while meeting National Institutes of Health expectations for impact and reproducibility.","Aim 1: define the central questions, datasets, and success metrics for primed-ai: logistics center with input from all team members.
Aim 2: build and quality control a shared resource for primed-ai: logistics center, including standardized protocols, data structures, and access pathways.
Aim 3: validate findings in relevant human data or specimens and define a dissemination plan to support adoption in real world settings.",https://www.grants.gov/search-grants?query=NOT-RM-25-026
d07ebcd7-96cf-40cb-8ae3-f401b6274080,NOT-RM-25-021,PRIMED-AI: Academic-Industrial Partnerships (UG3/UH3 Clinical Trial Optional),National Institutes of Health,,,forecasted,,2900000.0,,large,"Nadav Brandes; David Fenyo; Alejandro Pironti, PhD; Liat Shenhav, PhD",PRIMED-AI: Academic-Industrial Partnerships collaborative plan,"This opportunity supports hypothesis driven work in primed-ai: academic-industrial partnerships. Nadav Brandes contributes expertise in large language models (llms) have revolutionized artificial intelligence (ai). David Fenyo contributes expertise in in my research i apply mathematical, statistical and computational methods to provide a detailed understanding of the dy. Alejandro Pironti, PhD contributes expertise in microbial genomics, antimicrobial resistance. Liat Shenhav, PhD contributes expertise in systems microbiology. Together, the team is positioned to deliver a rigorous plan that advances partnerships , industrial , academic while meeting National Institutes of Health expectations for impact and reproducibility.","Aim 1: define the central questions, datasets, and success metrics for primed-ai: academic-industrial partnerships with input from all team members.
Aim 2: test key mechanisms or drivers in primed-ai: academic-industrial partnerships using complementary models, assays, and analytical approaches.
Aim 3: validate findings in relevant human data or specimens and define a dissemination plan to support adoption in real world settings.",https://www.grants.gov/search-grants?query=NOT-RM-25-021
721d5c2c-af72-4c33-8ce6-013b1e8ad59b,20-01,FAA Aviation Research Grants Program,DOT - FAA Aviation Research Grants,,2027-09-07,posted,6000000.0,,,large,Drew Jones; Richard Possemato; Paolo Mita,FAA Aviation Research Grants Program collaborative plan,"This opportunity supports hypothesis driven work in faa aviation research grants program. Drew Jones contributes expertise in the ongoing theme of my work is the invention or adaptation of advanced chromatography and mass spectrometry technology . Richard Possemato contributes expertise in i am an associate professor in the department of pathology at nyu school of medicine and co-leader of the cancer cell bi. Paolo Mita contributes expertise in transposable elements (te) are sequences of dna that are capable of moving within a host genome, and thus are often refe. Together, the team is positioned to deliver a rigorous plan that advances aviation , research , program while meeting DOT - FAA Aviation Research Grants expectations for impact and reproducibility.","Aim 1: define the central questions, datasets, and success metrics for faa aviation research grants program with input from all team members.
Aim 2: test key mechanisms or drivers in faa aviation research grants program using complementary models, assays, and analytical approaches.
Aim 3: validate robustness across settings, publish reproducible workflows, and create a dissemination plan for broad community use.",https://www.grants.gov/search-grants?query=20-01
360c4588-1512-4fa4-9b61-52a3f1d6c368,NOT-RM-25-023,PRIMED-AI: Translating Models to Clinic (UG3/UH3 Clinical Trial Optional),National Institutes of Health,,,forecasted,,10200000.0,,large,"Nadav Brandes; David Fenyo; Alejandro Pironti, PhD; Liat Shenhav, PhD",PRIMED-AI: Translating Models to Clinic collaborative plan,"This opportunity supports hypothesis driven work in primed-ai: translating models to clinic. Nadav Brandes contributes expertise in large language models (llms) have revolutionized artificial intelligence (ai). David Fenyo contributes expertise in in my research i apply mathematical, statistical and computational methods to provide a detailed understanding of the dy. Alejandro Pironti, PhD contributes expertise in microbial genomics, antimicrobial resistance. Liat Shenhav, PhD contributes expertise in systems microbiology. Together, the team is positioned to deliver a rigorous plan that advances translating , clinic , models while meeting National Institutes of Health expectations for impact and reproducibility.","Aim 1: define the central questions, datasets, and success metrics for primed-ai: translating models to clinic with input from all team members.
Aim 2: test key mechanisms or drivers in primed-ai: translating models to clinic using complementary models, assays, and analytical approaches.
Aim 3: validate findings in relevant human data or specimens and define a dissemination plan to support adoption in real world settings.",https://www.grants.gov/search-grants?query=NOT-RM-25-023
602e362f-6e69-4cf5-b0b7-f534cd7c3493,RFA-AI-27-003,Autoimmune Diseases Statistical and Clinical Coordinating Center (AD-SCCC),National Institutes of Health,,,forecasted,,8000000.0,1.0,large,"Thomas Wisniewski; Stefan Feske; Ramin Herati, MD",Autoimmune Diseases Statistical and Clinical Coordinating Center collaborative plan,"This opportunity calls for a shared resource or coordinating effort in autoimmune diseases statistical and clinical coordinating center. Thomas Wisniewski contributes expertise in i am a board certified neurologist and neuropathologist. Stefan Feske contributes expertise in dr. Ramin Herati, MD contributes expertise in human immunology, systems immunology. Together, the team is positioned to deliver a rigorous plan that advances coordinating , statistical , autoimmune while meeting National Institutes of Health expectations for impact and reproducibility.","Aim 1: define the central questions, datasets, and success metrics for autoimmune diseases statistical and clinical coordinating center with input from all team members.
Aim 2: build and quality control a shared resource for autoimmune diseases statistical and clinical coordinating center, including standardized protocols, data structures, and access pathways.
Aim 3: validate findings in relevant human data or specimens and define a dissemination plan to support adoption in real world settings.",https://www.grants.gov/search-grants?query=RFA-AI-27-003
62700bad-65de-48bf-8678-d5a0bf13203d,RFA-AI-27-004,Atopic Dermatitis Research Network – Clinical Research Centers,National Institutes of Health,,,forecasted,,4520000.0,4.0,large,"Catherine Pei-ju Lu; Stefan Feske; Ramin Herati, MD",Atopic Dermatitis Research Network – Clinical Research Centers collaborative plan,"This opportunity calls for a shared resource or coordinating effort in atopic dermatitis research network – clinical research centers. Catherine Pei-ju Lu contributes expertise in my lab aims to build a comprehensive framework for understanding stem cell biology of the skin, from development to dise. Stefan Feske contributes expertise in dr. Ramin Herati, MD contributes expertise in human immunology, systems immunology. Together, the team is positioned to deliver a rigorous plan that advances research , dermatitis , clinical while meeting National Institutes of Health expectations for impact and reproducibility.","Aim 1: define the central questions, datasets, and success metrics for atopic dermatitis research network – clinical research centers with input from all team members.
Aim 2: build and quality control a shared resource for atopic dermatitis research network – clinical research centers, including standardized protocols, data structures, and access pathways.
Aim 3: validate findings in relevant human data or specimens and define a dissemination plan to support adoption in real world settings.",https://www.grants.gov/search-grants?query=RFA-AI-27-004
14c2b96f-e210-4856-8901-f8278996198a,FOR-FD-25-014,NARMS Cooperative Agreement Program to Strengthen Antibiotic Resistance Surveillance in Retail Food Specimens,Food and Drug Administration,,,forecasted,4500000.0,,30.0,large,"Alejandro Pironti, PhD; Alexander Serganov; Bo Shopsin, MD, PhD",NARMS Cooperative Agreement Program to Strengthen Antibiotic Resistance collaborative plan,"This opportunity supports hypothesis driven work in narms cooperative agreement program to strengthen antibiotic resistance surveillance in retail food specimens. Alejandro Pironti, PhD contributes expertise in microbial genomics, antimicrobial resistance. Alexander Serganov contributes expertise in we use a combination of biophysical methods, biochemical techniques, and structural approaches, including x-ray crystall. Bo Shopsin, MD, PhD contributes expertise in bacteriology, antimicrobial resistance. Together, the team is positioned to deliver a rigorous plan that advances surveillance , cooperative , antibiotic while meeting Food and Drug Administration expectations for impact and reproducibility.","Aim 1: define the central questions, datasets, and success metrics for narms cooperative agreement program to strengthen antibiotic resistance surveillance in with input from all team members.
Aim 2: test key mechanisms or drivers in narms cooperative agreement program to strengthen antibiotic resistance surveillance in using complementary models, assays, and analytical approaches.
Aim 3: validate robustness across settings, publish reproducible workflows, and create a dissemination plan for broad community use.",https://www.grants.gov/search-grants?query=FOR-FD-25-014
0b08c799-a202-45f2-92ad-318044afbc2d,PAR-25-014,NARMS Cooperative Agreement Program to Strengthen Antibiotic Resistance Surveillance in Retail Food Specimens,Food and Drug Administration,,2027-04-01,posted,200000.0,5000000.0,35.0,large,"Alejandro Pironti, PhD; Bo Shopsin, MD, PhD; Alexander Serganov",NARMS Cooperative Agreement Program to Strengthen Antibiotic Resistance collaborative plan,"This opportunity supports hypothesis driven work in narms cooperative agreement program to strengthen antibiotic resistance surveillance in retail food specimens. Alejandro Pironti, PhD contributes expertise in microbial genomics, antimicrobial resistance. Bo Shopsin, MD, PhD contributes expertise in bacteriology, antimicrobial resistance. Alexander Serganov contributes expertise in we use a combination of biophysical methods, biochemical techniques, and structural approaches, including x-ray crystall. Together, the team is positioned to deliver a rigorous plan that advances surveillance , cooperative , antibiotic while meeting Food and Drug Administration expectations for impact and reproducibility.","Aim 1: define the central questions, datasets, and success metrics for narms cooperative agreement program to strengthen antibiotic resistance surveillance in with input from all team members.
Aim 2: test key mechanisms or drivers in narms cooperative agreement program to strengthen antibiotic resistance surveillance in using complementary models, assays, and analytical approaches.
Aim 3: validate robustness across settings, publish reproducible workflows, and create a dissemination plan for broad community use.",https://grants.nih.gov/grants/guide/pa-files/PAR-25-014.html
8212b1d6-5192-4926-8bbb-ee8522f33a10,RFA-DK-27-102,Collaborative Awards to Support Microphysiological System Pilot Studies in Type 2 Diabetes Research,National Institutes of Health,,,forecasted,,1000000.0,4.0,large,"Robert J. Schneider, PhD; Jonas Schluter, PhD; Andrea H. Brand; Hakhamanesh Mostafavi",Collaborative Awards to Support Microphysiological System Pilot Studies collaborative plan,"This opportunity calls for a shared resource or coordinating effort in collaborative awards to support microphysiological system pilot studies in type 2 diabetes research. Robert J. Schneider, PhD contributes expertise in rna biology, translation control. Jonas Schluter, PhD contributes expertise in systems microbiology, immunology. Andrea H. Brand contributes expertise in neural stem cells in the adult brain exist primarily in a quiescent state but can be reactivated in response to changing. Hakhamanesh Mostafavi contributes expertise in my lab studies the genetic basis of complex human traits and diseases. Together, the team is positioned to deliver a rigorous plan that advances microphysiological , collaborative , diabetes while meeting National Institutes of Health expectations for impact and reproducibility.","Aim 1: define the central questions, datasets, and success metrics for collaborative awards to support microphysiological system pilot studies in type with input from all team members.
Aim 2: build and quality control a shared resource for collaborative awards to support microphysiological system pilot studies in type, including standardized protocols, data structures, and access pathways.
Aim 3: validate robustness across settings, publish reproducible workflows, and create a dissemination plan for broad community use.",https://www.grants.gov/search-grants?query=RFA-DK-27-102
3378fa08-6551-4cd6-a483-590bf9b25e69,NOT-HD-25-007,"Notice of Intent to Publish a Funding Opportunity Announcement for HIV Pediatric, Adolescent and Maternal Clinical Trials",National Institutes of Health,,,forecasted,,30000000.0,2.0,large,"Liat Shenhav, PhD; Adam J. Ratner, MD; Nathaniel R. Landau, PhD",Notice of Intent to Publish a Funding Opportunity collaborative plan,"This opportunity supports hypothesis driven work in notice of intent to publish a funding opportunity announcement for hiv pediatric, adolescent and. Liat Shenhav, PhD contributes expertise in systems microbiology. Adam J. Ratner, MD contributes expertise in bacteriology, translational. Nathaniel R. Landau, PhD contributes expertise in retrovirology, immunology. Together, the team is positioned to deliver a rigorous plan that advances announcement , opportunity , adolescent while meeting National Institutes of Health expectations for impact and reproducibility.","Aim 1: define the central questions, datasets, and success metrics for notice of intent to publish a funding opportunity announcement for with input from all team members.
Aim 2: test key mechanisms or drivers in notice of intent to publish a funding opportunity announcement for using complementary models, assays, and analytical approaches.
Aim 3: validate findings in relevant human data or specimens and define a dissemination plan to support adoption in real world settings.",https://www.grants.gov/search-grants?query=NOT-HD-25-007
299bb7ba-7783-4da0-9c7c-12f00919cf0b,RFA-AI-27-018,Implementation Science to End the HIV Epidemic,National Institutes of Health,,,forecasted,,7000000.0,10.0,large,"Nathaniel R. Landau, PhD; Nadav Brandes; Ralf Duerr, MD, PhD; Joel G. Belasco, PhD",Implementation Science to End the HIV Epidemic collaborative plan,"This opportunity supports hypothesis driven work in implementation science to end the hiv epidemic. Nathaniel R. Landau, PhD contributes expertise in retrovirology, immunology. Nadav Brandes contributes expertise in large language models (llms) have revolutionized artificial intelligence (ai). Ralf Duerr, MD, PhD contributes expertise in viral immunology, vaccine responses. Joel G. Belasco, PhD contributes expertise in rna biology, mrna decay. Together, the team is positioned to deliver a rigorous plan that advances implementation , epidemic , science while meeting National Institutes of Health expectations for impact and reproducibility.","Aim 1: define the central questions, datasets, and success metrics for implementation science to end the hiv epidemic with input from all team members.
Aim 2: test key mechanisms or drivers in implementation science to end the hiv epidemic using complementary models, assays, and analytical approaches.
Aim 3: validate findings in relevant human data or specimens and define a dissemination plan to support adoption in real world settings.",https://www.grants.gov/search-grants?query=RFA-AI-27-018
49a6de08-2356-43b3-af61-6116b229acd8,NOT-AA-25-012,Forecast to Publish a Funding Opportunity Announcement for Limited Competition for the Continuation of the National Consortium on Alcohol and Neurodevelopment in Adolescence (NCANDA) Research Project Sites (U01 Clinical Trials Optional),National Institutes of Health,,,forecasted,,5000000.0,7.0,large,"Andrea H. Brand; Adam J. Ratner, MD; David Fenyo; Catherine Pei-ju Lu",Forecast to Publish a Funding Opportunity Announcement for collaborative plan U01,"This opportunity calls for a shared resource or coordinating effort in forecast to publish a funding opportunity announcement for limited competition for the continuation of. Andrea H. Brand contributes expertise in neural stem cells in the adult brain exist primarily in a quiescent state but can be reactivated in response to changing. Adam J. Ratner, MD contributes expertise in bacteriology, translational. David Fenyo contributes expertise in in my research i apply mathematical, statistical and computational methods to provide a detailed understanding of the dy. Catherine Pei-ju Lu contributes expertise in my lab aims to build a comprehensive framework for understanding stem cell biology of the skin, from development to dise. Together, the team is positioned to deliver a rigorous plan that advances neurodevelopment , announcement , continuation while meeting National Institutes of Health expectations for impact and reproducibility.","Aim 1: define the central questions, datasets, and success metrics for forecast to publish a funding opportunity announcement for limited competition with input from all team members.
Aim 2: build and quality control a shared resource for forecast to publish a funding opportunity announcement for limited competition, including standardized protocols, data structures, and access pathways.
Aim 3: validate findings in relevant human data or specimens and define a dissemination plan to support adoption in real world settings.",https://www.grants.gov/search-grants?query=NOT-AA-25-012
58bf2237-9c6b-4e21-b2f2-cbd2e934e249,CDC-RFA-JG-26-0046,Support Ethiopia's Capacity to Meet International Health Regulations Requirements,Centers for Disease Control-GHC,,,forecasted,0.0,25000000.0,3.0,large,"Bo Shopsin, MD, PhD; Alejandro Pironti, PhD; Thomas Wisniewski",Support Ethiopia's Capacity to Meet International Health Regulations collaborative plan,"This opportunity calls for a shared resource or coordinating effort in support ethiopia's capacity to meet international health regulations requirements. Bo Shopsin, MD, PhD contributes expertise in bacteriology, antimicrobial resistance. Alejandro Pironti, PhD contributes expertise in microbial genomics, antimicrobial resistance. Thomas Wisniewski contributes expertise in i am a board certified neurologist and neuropathologist. Together, the team is positioned to deliver a rigorous plan that advances international , requirements , regulations while meeting Centers for Disease Control-GHC expectations for impact and reproducibility.","Aim 1: define the central questions, datasets, and success metrics for support ethiopia's capacity to meet international health regulations requirements with input from all team members.
Aim 2: build and quality control a shared resource for support ethiopia's capacity to meet international health regulations requirements, including standardized protocols, data structures, and access pathways.
Aim 3: validate findings in relevant human data or specimens and define a dissemination plan to support adoption in real world settings.",https://www.grants.gov/search-grants?query=CDC-RFA-JG-26-0046
25d22ed0-f1fe-4c46-a5b6-0ab60a464f00,26-501,Collaboratory to Advance Mathematics Education and Learning (CAMEL) for K-12,U.S. National Science Foundation,,,posted,1500000.0,9000000.0,7.0,large,"David Fenyo; Liat Shenhav, PhD; Drew Jones",Collaboratory to Advance Mathematics Education and Learning for collaborative plan,"This opportunity emphasizes workforce development and dissemination in collaboratory to advance mathematics education and learning for k-12. David Fenyo contributes expertise in in my research i apply mathematical, statistical and computational methods to provide a detailed understanding of the dy. Liat Shenhav, PhD contributes expertise in systems microbiology. Drew Jones contributes expertise in the ongoing theme of my work is the invention or adaptation of advanced chromatography and mass spectrometry technology . Together, the team is positioned to deliver a rigorous plan that advances collaboratory , mathematics , education while meeting U.S. National Science Foundation expectations for impact and reproducibility.","Aim 1: define the central questions, datasets, and success metrics for collaboratory to advance mathematics education and learning for k-12 with input from all team members.
Aim 2: test key mechanisms or drivers in collaboratory to advance mathematics education and learning for k-12 using complementary models, assays, and analytical approaches.
Aim 3: validate robustness across settings, publish reproducible workflows, and create a dissemination plan for broad community use.",http://www.nsf.gov/publications/pub_summ.jsp?ods_key=nsf26501
15373c25-322a-433e-b21d-bf3fc77a80e3,NOT-DK-26-316,Notice of Intent to Publish a Funding Opportunity Announcement for Single Source for Continuation of the Integrated Islet Distribution Program (UC4),National Institutes of Health,,,forecasted,3300000.0,3300000.0,1.0,large,Dimitris Placantonakis; Catherine Pei-ju Lu; Richard Possemato; Andrea H. Brand,Notice of Intent to Publish a Funding Opportunity collaborative plan,"This opportunity supports hypothesis driven work in notice of intent to publish a funding opportunity announcement for single source for continuation. Dimitris Placantonakis contributes expertise in glioblastoma; chromatin organization in human neural development; adhesions gpcr function and therapeutics. Catherine Pei-ju Lu contributes expertise in my lab aims to build a comprehensive framework for understanding stem cell biology of the skin, from development to dise. Richard Possemato contributes expertise in i am an associate professor in the department of pathology at nyu school of medicine and co-leader of the cancer cell bi. Andrea H. Brand contributes expertise in neural stem cells in the adult brain exist primarily in a quiescent state but can be reactivated in response to changing. Together, the team is positioned to deliver a rigorous plan that advances announcement , continuation , distribution while meeting National Institutes of Health expectations for impact and reproducibility.","Aim 1: define the central questions, datasets, and success metrics for notice of intent to publish a funding opportunity announcement for with input from all team members.
Aim 2: test key mechanisms or drivers in notice of intent to publish a funding opportunity announcement for using complementary models, assays, and analytical approaches.
Aim 3: validate robustness across settings, publish reproducible workflows, and create a dissemination plan for broad community use.",https://www.grants.gov/search-grants?query=NOT-DK-26-316
48bf4c5c-b6b3-4092-bbf4-32c3708800e1,FOR-MH-26-165,Mechanistic Exploration of Therapeutic Targets and Treatable Traits to Improve CNS Outcomes in People with HIV,National Institutes of Health,,,forecasted,,3000000.0,6.0,large,Molly Gale Hammell; Catherine Pei-ju Lu; Hakhamanesh Mostafavi,Mechanistic Exploration of Therapeutic Targets and Treatable Traits collaborative plan,"This opportunity supports hypothesis driven work in mechanistic exploration of therapeutic targets and treatable traits to improve cns outcomes in people. Molly Gale Hammell contributes expertise in molly gale hammell is an associate professor in the institute for systems genetics at nyu langone health. Catherine Pei-ju Lu contributes expertise in my lab aims to build a comprehensive framework for understanding stem cell biology of the skin, from development to dise. Hakhamanesh Mostafavi contributes expertise in my lab studies the genetic basis of complex human traits and diseases. Together, the team is positioned to deliver a rigorous plan that advances exploration , mechanistic , therapeutic while meeting National Institutes of Health expectations for impact and reproducibility.","Aim 1: define the central questions, datasets, and success metrics for mechanistic exploration of therapeutic targets and treatable traits to improve with input from all team members.
Aim 2: test key mechanisms or drivers in mechanistic exploration of therapeutic targets and treatable traits to improve using complementary models, assays, and analytical approaches.
Aim 3: validate robustness across settings, publish reproducible workflows, and create a dissemination plan for broad community use.",https://www.grants.gov/search-grants?query=FOR-MH-26-165
ae75aa4f-e367-4730-8524-b54dd8e38b66,NOT-DK-26-307,New Generation of Glucose Control Technologies Incorporating AI/ML Tools/Strategies,National Institutes of Health,,,forecasted,,3000000.0,6.0,large,"Liat Shenhav, PhD; Jonas Schluter, PhD; David Fenyo; Nadav Brandes",New Generation of Glucose Control Technologies Incorporating AI/ML collaborative plan,"This opportunity supports hypothesis driven work in new generation of glucose control technologies incorporating ai/ml tools/strategies. Liat Shenhav, PhD contributes expertise in systems microbiology. Jonas Schluter, PhD contributes expertise in systems microbiology, immunology. David Fenyo contributes expertise in in my research i apply mathematical, statistical and computational methods to provide a detailed understanding of the dy. Nadav Brandes contributes expertise in large language models (llms) have revolutionized artificial intelligence (ai). Together, the team is positioned to deliver a rigorous plan that advances incorporating , technologies , generation while meeting National Institutes of Health expectations for impact and reproducibility.","Aim 1: define the central questions, datasets, and success metrics for new generation of glucose control technologies incorporating ai/ml tools/strategies with input from all team members.
Aim 2: develop and benchmark a scalable tool or platform for new generation of glucose control technologies incorporating ai/ml tools/strategies that leverages the complementary strengths of the team.
Aim 3: validate robustness across settings, publish reproducible workflows, and create a dissemination plan for broad community use.",https://www.grants.gov/search-grants?query=NOT-DK-26-307
26116df5-40e6-4c83-8e5a-d90664b418ba,FOR-MH-26-135,Optimizing Behavioral Sleep Interventions for Adolescents and Young Adults,National Institutes of Health,,,forecasted,,1500000.0,6.0,large,Drew Jones; Aravinda Chakravarti; David Fenyo,Optimizing Behavioral Sleep Interventions for Adolescents and Young collaborative plan,"This opportunity supports hypothesis driven work in optimizing behavioral sleep interventions for adolescents and young adults. Drew Jones contributes expertise in the ongoing theme of my work is the invention or adaptation of advanced chromatography and mass spectrometry technology . Aravinda Chakravarti contributes expertise in contributions to science 1. David Fenyo contributes expertise in in my research i apply mathematical, statistical and computational methods to provide a detailed understanding of the dy. Together, the team is positioned to deliver a rigorous plan that advances interventions , adolescents , behavioral while meeting National Institutes of Health expectations for impact and reproducibility.","Aim 1: define the central questions, datasets, and success metrics for optimizing behavioral sleep interventions for adolescents and young adults with input from all team members.
Aim 2: test key mechanisms or drivers in optimizing behavioral sleep interventions for adolescents and young adults using complementary models, assays, and analytical approaches.
Aim 3: validate robustness across settings, publish reproducible workflows, and create a dissemination plan for broad community use.",https://www.grants.gov/search-grants?query=FOR-MH-26-135
bf898dfb-a35c-4bd9-8f8e-3da26d712b74,FOR-FD-24-013,Minor Use Minor Species Development of Drugs (R01),Food and Drug Administration,,,forecasted,250000.0,,6.0,large,Drew Jones; Alexander Serganov; Paolo Mita,Minor Use Minor Species Development of Drugs collaborative plan R01,"This opportunity supports hypothesis driven work in minor use minor species development of drugs. Drew Jones contributes expertise in the ongoing theme of my work is the invention or adaptation of advanced chromatography and mass spectrometry technology . Alexander Serganov contributes expertise in we use a combination of biophysical methods, biochemical techniques, and structural approaches, including x-ray crystall. Paolo Mita contributes expertise in transposable elements (te) are sequences of dna that are capable of moving within a host genome, and thus are often refe. Together, the team is positioned to deliver a rigorous plan that advances minor , development , species while meeting Food and Drug Administration expectations for impact and reproducibility.","Aim 1: define the central questions, datasets, and success metrics for minor use minor species development of drugs with input from all team members.
Aim 2: test key mechanisms or drivers in minor use minor species development of drugs using complementary models, assays, and analytical approaches.
Aim 3: validate robustness across settings, publish reproducible workflows, and create a dissemination plan for broad community use.",https://www.grants.gov/search-grants?query=FOR-FD-24-013
ff7edf5f-3dc8-4e2b-94a9-c4e9b1e06d3c,RFA-OH-25-002,Occupational Safety and Health Education and Research Centers (T42),Centers for Disease Control and Prevention - ERA,,2028-10-26,posted,9000000.0,32000000.0,18.0,large,Richard Possemato; Drew Jones; Molly Gale Hammell; Nadav Brandes,Occupational Safety and Health Education and Research Centers collaborative plan T42,"This opportunity calls for a shared resource or coordinating effort in occupational safety and health education and research centers. Richard Possemato contributes expertise in i am an associate professor in the department of pathology at nyu school of medicine and co-leader of the cancer cell bi. Drew Jones contributes expertise in the ongoing theme of my work is the invention or adaptation of advanced chromatography and mass spectrometry technology . Molly Gale Hammell contributes expertise in molly gale hammell is an associate professor in the institute for systems genetics at nyu langone health. Nadav Brandes contributes expertise in large language models (llms) have revolutionized artificial intelligence (ai). Together, the team is positioned to deliver a rigorous plan that advances occupational , education , research while meeting Centers for Disease Control and Prevention - ERA expectations for impact and reproducibility.","Aim 1: define the central questions, datasets, and success metrics for occupational safety and health education and research centers with input from all team members.
Aim 2: build and quality control a shared resource for occupational safety and health education and research centers, including standardized protocols, data structures, and access pathways.
Aim 3: validate findings in relevant human data or specimens and define a dissemination plan to support adoption in real world settings.",https://grants.nih.gov/grants/guide/rfa-files/RFA-OH-25-002.html
0d83a655-81d6-4e77-9be3-11359860d209,PD-98-1670,Chemical Oceanography,U.S. National Science Foundation,,2026-02-17,posted,2000000.0,26000000.0,20.0,large,Drew Jones; Pau Castel; Liam Holt; Michele Pagano,Chemical Oceanography collaborative plan,"This opportunity supports hypothesis driven work in chemical oceanography. Drew Jones contributes expertise in the ongoing theme of my work is the invention or adaptation of advanced chromatography and mass spectrometry technology . Pau Castel contributes expertise in the castel laboratory is interested in understanding the molecular mechanisms underlying oncoprotein-mediated transforma. Liam Holt contributes expertise in biophysics of signaling, biomolecular condensates. Michele Pagano contributes expertise in our laboratory is interested in how ubiquitin-mediated proteolysis controls the three key dimensions of cellular life: p. Together, the team is positioned to deliver a rigorous plan that advances oceanography , chemical while meeting U.S. National Science Foundation expectations for impact and reproducibility.","Aim 1: define the central questions, datasets, and success metrics for chemical oceanography with input from all team members.
Aim 2: test key mechanisms or drivers in chemical oceanography using complementary models, assays, and analytical approaches.
Aim 3: validate robustness across settings, publish reproducible workflows, and create a dissemination plan for broad community use.",http://www.nsf.gov/funding/pgm_summ.jsp?pims_id=11698
5fc9e460-abc2-4c8b-b02e-25090753f213,RFA-OD-25-010,Resource-Related Research Projects for Development of Models and Related Materials for Studying Human Health and Diseases (R24 Clinical Trials Not Allowed),National Institutes of Health,,2028-09-28,posted,,5000000.0,6.0,large,Nadav Brandes; Paolo Mita; Ran Brosh; Stefan Feske,Resource-Related Research Projects for Development of Models and collaborative plan R24,"This opportunity calls for a shared resource or coordinating effort in resource-related research projects for development of models and related materials for studying human health. Nadav Brandes contributes expertise in large language models (llms) have revolutionized artificial intelligence (ai). Paolo Mita contributes expertise in transposable elements (te) are sequences of dna that are capable of moving within a host genome, and thus are often refe. Ran Brosh contributes expertise in i have two roles: [1] as faculty at isg/pathology i am leading the dark matter project, a collaborative effort to use sy. Stefan Feske contributes expertise in dr. Together, the team is positioned to deliver a rigorous plan that advances related , development , materials while meeting National Institutes of Health expectations for impact and reproducibility.","Aim 1: define the central questions, datasets, and success metrics for resource-related research projects for development of models and related materials with input from all team members.
Aim 2: build and quality control a shared resource for resource-related research projects for development of models and related materials, including standardized protocols, data structures, and access pathways.
Aim 3: validate findings in relevant human data or specimens and define a dissemination plan to support adoption in real world settings.",https://www.grants.gov/search-grants?query=RFA-OD-25-010
cde55e5a-18c0-48b6-82e9-36809da084af,PD-23-1179,Nanoscale Interactions,U.S. National Science Foundation,,,posted,,,100.0,large,"Richard Possemato; Drew Jones; Alexander Serganov; James Lee, PhD",Nanoscale Interactions collaborative plan,"This opportunity supports hypothesis driven work in nanoscale interactions. Richard Possemato contributes expertise in i am an associate professor in the department of pathology at nyu school of medicine and co-leader of the cancer cell bi. Drew Jones contributes expertise in the ongoing theme of my work is the invention or adaptation of advanced chromatography and mass spectrometry technology . Alexander Serganov contributes expertise in we use a combination of biophysical methods, biochemical techniques, and structural approaches, including x-ray crystall. James Lee, PhD contributes expertise in structural biology, host-pathogen interactions. Together, the team is positioned to deliver a rigorous plan that advances interactions , nanoscale while meeting U.S. National Science Foundation expectations for impact and reproducibility.","Aim 1: define the central questions, datasets, and success metrics for nanoscale interactions with input from all team members.
Aim 2: test key mechanisms or drivers in nanoscale interactions using complementary models, assays, and analytical approaches.
Aim 3: validate robustness across settings, publish reproducible workflows, and create a dissemination plan for broad community use.",http://www.nsf.gov/funding/pgm_summ.jsp?pims_id=506129
131fabad-5506-431b-b87a-e564f1d8dcc4,FOR-LM-25-002,Research Grants in Clinical Informatics (R01 Clinical Trial Optional),National Institutes of Health,,,forecasted,,2500000.0,10.0,large,"David Fenyo; Drew Jones; Molly Gale Hammell; Liat Shenhav, PhD",Research Grants in Clinical Informatics collaborative plan R01,"This opportunity supports hypothesis driven work in research grants in clinical informatics. David Fenyo contributes expertise in in my research i apply mathematical, statistical and computational methods to provide a detailed understanding of the dy. Drew Jones contributes expertise in the ongoing theme of my work is the invention or adaptation of advanced chromatography and mass spectrometry technology . Molly Gale Hammell contributes expertise in molly gale hammell is an associate professor in the institute for systems genetics at nyu langone health. Liat Shenhav, PhD contributes expertise in systems microbiology. Together, the team is positioned to deliver a rigorous plan that advances informatics , clinical , research while meeting National Institutes of Health expectations for impact and reproducibility.","Aim 1: define the central questions, datasets, and success metrics for research grants in clinical informatics with input from all team members.
Aim 2: test key mechanisms or drivers in research grants in clinical informatics using complementary models, assays, and analytical approaches.
Aim 3: validate findings in relevant human data or specimens and define a dissemination plan to support adoption in real world settings.",https://www.grants.gov/search-grants?query=FOR-LM-25-002
be11b04b-43ee-4d14-8d37-5e7158a7eb08,FA955025S0001,Research Interests of the Air Force Office of Scientific Research,Air Force Office of Scientific Research,,,posted,10000000.0,,9999.0,large,Richard Possemato; Michele Pagano; Stefan Feske; Drew Jones,Research Interests of the Air Force Office of collaborative plan,"This opportunity supports hypothesis driven work in research interests of the air force office of scientific research. Richard Possemato contributes expertise in i am an associate professor in the department of pathology at nyu school of medicine and co-leader of the cancer cell bi. Michele Pagano contributes expertise in our laboratory is interested in how ubiquitin-mediated proteolysis controls the three key dimensions of cellular life: p. Stefan Feske contributes expertise in dr. Drew Jones contributes expertise in the ongoing theme of my work is the invention or adaptation of advanced chromatography and mass spectrometry technology . Together, the team is positioned to deliver a rigorous plan that advances research , scientific , interests while meeting Air Force Office of Scientific Research expectations for impact and reproducibility.","Aim 1: define the central questions, datasets, and success metrics for research interests of the air force office of scientific research with input from all team members.
Aim 2: test key mechanisms or drivers in research interests of the air force office of scientific research using complementary models, assays, and analytical approaches.
Aim 3: validate robustness across settings, publish reproducible workflows, and create a dissemination plan for broad community use.",https://www.grants.gov/search-grants?query=FA955025S0001
e7ed0c3a-69ad-4938-a803-a92d4609f653,RFA-OH-26-024,Continuation and Expansion of the National Mesothelioma Virtual Bank for Translational Research (U24),Centers for Disease Control and Prevention - ERA,,,forecasted,1100000.0,5500000.0,1.0,large,David Fenyo; Drew Jones; Paolo Mita; Elaine (Lyn) Wilson,Continuation and Expansion of the National Mesothelioma Virtual collaborative plan U24,"This opportunity supports hypothesis driven work in continuation and expansion of the national mesothelioma virtual bank for translational research. David Fenyo contributes expertise in in my research i apply mathematical, statistical and computational methods to provide a detailed understanding of the dy. Drew Jones contributes expertise in the ongoing theme of my work is the invention or adaptation of advanced chromatography and mass spectrometry technology . Paolo Mita contributes expertise in transposable elements (te) are sequences of dna that are capable of moving within a host genome, and thus are often refe. Elaine (Lyn) Wilson contributes expertise in my major contributions have been to the field of tumor cell biology, and more recently to the relationship between norma. Together, the team is positioned to deliver a rigorous plan that advances translational , continuation , mesothelioma while meeting Centers for Disease Control and Prevention - ERA expectations for impact and reproducibility.","Aim 1: define the central questions, datasets, and success metrics for continuation and expansion of the national mesothelioma virtual bank for with input from all team members.
Aim 2: test key mechanisms or drivers in continuation and expansion of the national mesothelioma virtual bank for using complementary models, assays, and analytical approaches.
Aim 3: validate robustness across settings, publish reproducible workflows, and create a dissemination plan for broad community use.",https://www.grants.gov/search-grants?query=RFA-OH-26-024
d9659d12-2147-42b4-a1ab-2063159dfb1f,CDC-RFA-JG-26-0039,Enhancing Global Health Security: Expanding Efforts and Strategies to Protect and Improve Public Health in Bangladesh,Centers for Disease Control-GHC,,,forecasted,0.0,20000000.0,5.0,large,"Drew Jones; Thomas Wisniewski; Nadav Brandes; Adam J. Ratner, MD",Enhancing Global Health Security: Expanding Efforts and Strategies collaborative plan,"This opportunity supports hypothesis driven work in enhancing global health security: expanding efforts and strategies to protect and improve public health. Drew Jones contributes expertise in the ongoing theme of my work is the invention or adaptation of advanced chromatography and mass spectrometry technology . Thomas Wisniewski contributes expertise in i am a board certified neurologist and neuropathologist. Nadav Brandes contributes expertise in large language models (llms) have revolutionized artificial intelligence (ai). Adam J. Ratner, MD contributes expertise in bacteriology, translational. Together, the team is positioned to deliver a rigorous plan that advances health , bangladesh , strategies while meeting Centers for Disease Control-GHC expectations for impact and reproducibility.","Aim 1: define the central questions, datasets, and success metrics for enhancing global health security: expanding efforts and strategies to protect with input from all team members.
Aim 2: test key mechanisms or drivers in enhancing global health security: expanding efforts and strategies to protect using complementary models, assays, and analytical approaches.
Aim 3: validate findings in relevant human data or specimens and define a dissemination plan to support adoption in real world settings.",https://www.grants.gov/search-grants?query=CDC-RFA-JG-26-0039
1771770c-74ca-48e2-b041-72d03af07b71,PD-21-128Y,Law & Science,U.S. National Science Foundation,,,posted,,5500000.0,,large,"Benjamin tenOever, PhD; Catherine Pei-ju Lu; Andrea H. Brand; Ran Brosh",Law & Science collaborative plan,"This opportunity supports hypothesis driven work in law & science. Benjamin tenOever, PhD contributes expertise in virology, post-transcriptional. Catherine Pei-ju Lu contributes expertise in my lab aims to build a comprehensive framework for understanding stem cell biology of the skin, from development to dise. Andrea H. Brand contributes expertise in neural stem cells in the adult brain exist primarily in a quiescent state but can be reactivated in response to changing. Ran Brosh contributes expertise in i have two roles: [1] as faculty at isg/pathology i am leading the dark matter project, a collaborative effort to use sy. Together, the team is positioned to deliver a rigorous plan that advances science while meeting U.S. National Science Foundation expectations for impact and reproducibility.","Aim 1: define the central questions, datasets, and success metrics for law & science with input from all team members.
Aim 2: test key mechanisms or drivers in law & science using complementary models, assays, and analytical approaches.
Aim 3: validate robustness across settings, publish reproducible workflows, and create a dissemination plan for broad community use.",http://www.nsf.gov/funding/pgm_summ.jsp?pims_id=505704
454a2d4c-82e7-4159-a8b3-b666bc1347e6,PD-23-1417,Interfacial Engineering,U.S. National Science Foundation,,,posted,,3200000.0,113.0,large,"James Lee, PhD; Alexander Serganov; Richard Possemato; Drew Jones",Interfacial Engineering collaborative plan,"This opportunity supports hypothesis driven work in interfacial engineering. James Lee, PhD contributes expertise in structural biology, host-pathogen interactions. Alexander Serganov contributes expertise in we use a combination of biophysical methods, biochemical techniques, and structural approaches, including x-ray crystall. Richard Possemato contributes expertise in i am an associate professor in the department of pathology at nyu school of medicine and co-leader of the cancer cell bi. Drew Jones contributes expertise in the ongoing theme of my work is the invention or adaptation of advanced chromatography and mass spectrometry technology . Together, the team is positioned to deliver a rigorous plan that advances engineering , interfacial while meeting U.S. National Science Foundation expectations for impact and reproducibility.","Aim 1: define the central questions, datasets, and success metrics for interfacial engineering with input from all team members.
Aim 2: develop and benchmark a scalable tool or platform for interfacial engineering that leverages the complementary strengths of the team.
Aim 3: validate robustness across settings, publish reproducible workflows, and create a dissemination plan for broad community use.",http://www.nsf.gov/funding/pgm_summ.jsp?pims_id=506071
8454e463-cd43-4d0d-97a2-8a4310e0ce6b,CDC-RFA-JG-26-0056,Continuing to Enhance Global Health Security: Sustain Efforts and Strategies to Protect and Improve Public Health Globally,Centers for Disease Control-GHC,,,forecasted,0.0,75000000.0,8.0,large,"Drew Jones; Thomas Wisniewski; David Fenyo; Mila B. Ortigoza, MD, PhD",Continuing to Enhance Global Health Security: Sustain Efforts collaborative plan,"This opportunity supports hypothesis driven work in continuing to enhance global health security: sustain efforts and strategies to protect and improve. Drew Jones contributes expertise in the ongoing theme of my work is the invention or adaptation of advanced chromatography and mass spectrometry technology . Thomas Wisniewski contributes expertise in i am a board certified neurologist and neuropathologist. David Fenyo contributes expertise in in my research i apply mathematical, statistical and computational methods to provide a detailed understanding of the dy. Mila B. Ortigoza, MD, PhD contributes expertise in translational virology, clinical infectious diseases. Together, the team is positioned to deliver a rigorous plan that advances health , continuing , strategies while meeting Centers for Disease Control-GHC expectations for impact and reproducibility.","Aim 1: define the central questions, datasets, and success metrics for continuing to enhance global health security: sustain efforts and strategies with input from all team members.
Aim 2: test key mechanisms or drivers in continuing to enhance global health security: sustain efforts and strategies using complementary models, assays, and analytical approaches.
Aim 3: validate findings in relevant human data or specimens and define a dissemination plan to support adoption in real world settings.",https://www.grants.gov/search-grants?query=CDC-RFA-JG-26-0056
4abe9c3d-1440-49c8-8e79-afc7650a4c56,NOT-AI-25-032,Limited Competition: International epidemiology Databases to Evaluate AIDS (IeDEA) (U01 Clinical Trial Not Allowed),National Institutes of Health,,,forecasted,,20665000.0,7.0,large,David Fenyo; Drew Jones; Molly Gale Hammell,Limited Competition: International epidemiology Databases to Evaluate AIDS collaborative plan U01,"This opportunity calls for a shared resource or coordinating effort in limited competition: international epidemiology databases to evaluate aids. David Fenyo contributes expertise in in my research i apply mathematical, statistical and computational methods to provide a detailed understanding of the dy. Drew Jones contributes expertise in the ongoing theme of my work is the invention or adaptation of advanced chromatography and mass spectrometry technology . Molly Gale Hammell contributes expertise in molly gale hammell is an associate professor in the institute for systems genetics at nyu langone health. Together, the team is positioned to deliver a rigorous plan that advances international , epidemiology , competition while meeting National Institutes of Health expectations for impact and reproducibility.","Aim 1: define the central questions, datasets, and success metrics for limited competition: international epidemiology databases to evaluate aids with input from all team members.
Aim 2: build and quality control a shared resource for limited competition: international epidemiology databases to evaluate aids, including standardized protocols, data structures, and access pathways.
Aim 3: validate findings in relevant human data or specimens and define a dissemination plan to support adoption in real world settings.",https://www.grants.gov/search-grants?query=NOT-AI-25-032
becd2751-e070-42cc-b3a4-58bf7e681842,RFA-AT-26-001,Interdisciplinary Research Networks to Advance Biomedical Research on Resilience and Health Optimization,National Institutes of Health,,,forecasted,,1500000.0,3.0,large,"Jonas Schluter, PhD; Alejandro Pironti, PhD; Liat Shenhav, PhD; Hakhamanesh Mostafavi",Interdisciplinary Research Networks to Advance Biomedical Research on collaborative plan,"This opportunity calls for a shared resource or coordinating effort in interdisciplinary research networks to advance biomedical research on resilience and health optimization. Jonas Schluter, PhD contributes expertise in systems microbiology, immunology. Alejandro Pironti, PhD contributes expertise in microbial genomics, antimicrobial resistance. Liat Shenhav, PhD contributes expertise in systems microbiology. Hakhamanesh Mostafavi contributes expertise in my lab studies the genetic basis of complex human traits and diseases. Together, the team is positioned to deliver a rigorous plan that advances research , interdisciplinary , optimization while meeting National Institutes of Health expectations for impact and reproducibility.","Aim 1: define the central questions, datasets, and success metrics for interdisciplinary research networks to advance biomedical research on resilience and with input from all team members.
Aim 2: build and quality control a shared resource for interdisciplinary research networks to advance biomedical research on resilience and, including standardized protocols, data structures, and access pathways.
Aim 3: validate findings in relevant human data or specimens and define a dissemination plan to support adoption in real world settings.",https://www.grants.gov/search-grants?query=RFA-AT-26-001
521e78f6-0598-41f6-bebd-6b6c086adb20,25-514,"NSF Scholarships in Science, Technology, Engineering, and Mathematics Program",U.S. National Science Foundation,,2026-03-03,posted,5000000.0,120000000.0,60.0,large,Elaine (Lyn) Wilson; Andrea H. Brand; Ran Brosh,"NSF Scholarships in Science, Technology, Engineering, and Mathematics collaborative plan","This opportunity supports hypothesis driven work in nsf scholarships in science, technology, engineering, and mathematics program. Elaine (Lyn) Wilson contributes expertise in my major contributions have been to the field of tumor cell biology, and more recently to the relationship between norma. Andrea H. Brand contributes expertise in neural stem cells in the adult brain exist primarily in a quiescent state but can be reactivated in response to changing. Ran Brosh contributes expertise in i have two roles: [1] as faculty at isg/pathology i am leading the dark matter project, a collaborative effort to use sy. Together, the team is positioned to deliver a rigorous plan that advances scholarships , engineering , mathematics while meeting U.S. National Science Foundation expectations for impact and reproducibility.","Aim 1: define the central questions, datasets, and success metrics for nsf scholarships in science, technology, engineering, and mathematics program with input from all team members.
Aim 2: develop and benchmark a scalable tool or platform for nsf scholarships in science, technology, engineering, and mathematics program that leverages the complementary strengths of the team.
Aim 3: validate robustness across settings, publish reproducible workflows, and create a dissemination plan for broad community use.",http://www.nsf.gov/publications/pub_summ.jsp?ods_key=nsf25514
5e9d4f71-e555-4c9f-9ddc-66868080e234,PD-20-1440,Environmental Engineering,U.S. National Science Foundation,,,posted,,10000000.0,103.0,large,"Liat Shenhav, PhD; Drew Jones; Jonas Schluter, PhD; Richard Possemato",Environmental Engineering collaborative plan,"This opportunity supports hypothesis driven work in environmental engineering. Liat Shenhav, PhD contributes expertise in systems microbiology. Drew Jones contributes expertise in the ongoing theme of my work is the invention or adaptation of advanced chromatography and mass spectrometry technology . Jonas Schluter, PhD contributes expertise in systems microbiology, immunology. Richard Possemato contributes expertise in i am an associate professor in the department of pathology at nyu school of medicine and co-leader of the cancer cell bi. Together, the team is positioned to deliver a rigorous plan that advances environmental , engineering while meeting U.S. National Science Foundation expectations for impact and reproducibility.","Aim 1: define the central questions, datasets, and success metrics for environmental engineering with input from all team members.
Aim 2: develop and benchmark a scalable tool or platform for environmental engineering that leverages the complementary strengths of the team.
Aim 3: validate robustness across settings, publish reproducible workflows, and create a dissemination plan for broad community use.",http://www.nsf.gov/funding/pgm_summ.jsp?pims_id=505692
ca96308f-058b-47fa-9a1a-b1ee06f9c937,PAR-26-056,Centers for AIDS Research (CFAR),National Institutes of Health,,,forecasted,,4202000.0,6.0,large,"Nathaniel R. Landau, PhD; Ralf Duerr, MD, PhD; Drew Jones",Centers for AIDS Research collaborative plan,"This opportunity calls for a shared resource or coordinating effort in centers for aids research. Nathaniel R. Landau, PhD contributes expertise in retrovirology, immunology. Ralf Duerr, MD, PhD contributes expertise in viral immunology, vaccine responses. Drew Jones contributes expertise in the ongoing theme of my work is the invention or adaptation of advanced chromatography and mass spectrometry technology . Together, the team is positioned to deliver a rigorous plan that advances research , centers , aids while meeting National Institutes of Health expectations for impact and reproducibility.","Aim 1: define the central questions, datasets, and success metrics for centers for aids research with input from all team members.
Aim 2: build and quality control a shared resource for centers for aids research, including standardized protocols, data structures, and access pathways.
Aim 3: validate robustness across settings, publish reproducible workflows, and create a dissemination plan for broad community use.",https://www.grants.gov/search-grants?query=PAR-26-056
34942f3a-232f-48f4-a624-123dd6d042a0,DE-FOA-0003600,FY 2026 Continuation of Solicitation for the Office of Science Financial Assistance Program,Office of Science,,2026-09-30,posted,5000000.0,500000000.0,500.0,large,"Drew Jones; Michael J. Garabedian, PhD; Richard Possemato",FY 2026 Continuation of Solicitation for the Office collaborative plan,"This opportunity supports hypothesis driven work in fy 2026 continuation of solicitation for the office of science financial assistance program. Drew Jones contributes expertise in the ongoing theme of my work is the invention or adaptation of advanced chromatography and mass spectrometry technology . Michael J. Garabedian, PhD contributes expertise in microbiology, nuclear receptor signaling. Richard Possemato contributes expertise in i am an associate professor in the department of pathology at nyu school of medicine and co-leader of the cancer cell bi. Together, the team is positioned to deliver a rigorous plan that advances continuation , solicitation , assistance while meeting Office of Science expectations for impact and reproducibility.","Aim 1: define the central questions, datasets, and success metrics for fy 2026 continuation of solicitation for the office of science with input from all team members.
Aim 2: test key mechanisms or drivers in fy 2026 continuation of solicitation for the office of science using complementary models, assays, and analytical approaches.
Aim 3: validate robustness across settings, publish reproducible workflows, and create a dissemination plan for broad community use.",https://science.osti.gov
5b1da72c-4257-4213-8658-e1e19d367e56,23-611,Condensed Matter and Materials Theory,U.S. National Science Foundation,,,posted,,15000000.0,,large,"David Fenyo; Liat Shenhav, PhD; Jonas Schluter, PhD",Condensed Matter and Materials Theory collaborative plan,"This opportunity supports hypothesis driven work in condensed matter and materials theory. David Fenyo contributes expertise in in my research i apply mathematical, statistical and computational methods to provide a detailed understanding of the dy. Liat Shenhav, PhD contributes expertise in systems microbiology. Jonas Schluter, PhD contributes expertise in systems microbiology, immunology. Together, the team is positioned to deliver a rigorous plan that advances condensed , materials , matter while meeting U.S. National Science Foundation expectations for impact and reproducibility.","Aim 1: define the central questions, datasets, and success metrics for condensed matter and materials theory with input from all team members.
Aim 2: test key mechanisms or drivers in condensed matter and materials theory using complementary models, assays, and analytical approaches.
Aim 3: validate robustness across settings, publish reproducible workflows, and create a dissemination plan for broad community use.",http://www.nsf.gov/publications/pub_summ.jsp?ods_key=nsf23611
bbf0a18c-1e2f-45ef-acd6-980df3828974,FOR-MD-25-002,Forecast to Renew the Notice of Funding Opportunity Announcement for the Multiple Chronic Disease Research Centers,National Institutes of Health,,,forecasted,,55000000.0,11.0,large,"Thomas Wisniewski; Adam J. Ratner, MD; Mila B. Ortigoza, MD, PhD; Nadav Brandes",Forecast to Renew the Notice of Funding Opportunity collaborative plan,"This opportunity calls for a shared resource or coordinating effort in forecast to renew the notice of funding opportunity announcement for the multiple chronic disease. Thomas Wisniewski contributes expertise in i am a board certified neurologist and neuropathologist. Adam J. Ratner, MD contributes expertise in bacteriology, translational. Mila B. Ortigoza, MD, PhD contributes expertise in translational virology, clinical infectious diseases. Nadav Brandes contributes expertise in large language models (llms) have revolutionized artificial intelligence (ai). Together, the team is positioned to deliver a rigorous plan that advances announcement , opportunity , forecast while meeting National Institutes of Health expectations for impact and reproducibility.","Aim 1: define the central questions, datasets, and success metrics for forecast to renew the notice of funding opportunity announcement for with input from all team members.
Aim 2: build and quality control a shared resource for forecast to renew the notice of funding opportunity announcement for, including standardized protocols, data structures, and access pathways.
Aim 3: validate robustness across settings, publish reproducible workflows, and create a dissemination plan for broad community use.",https://www.grants.gov/search-grants?query=FOR-MD-25-002
d585c440-7e3a-4f58-b09b-b5cc4f85955f,W911QY25R0023,US Army Combat Capabilities Development Command Broad Agency Announcement,ACC APG - Natick,,2030-02-27,posted,,,1500.0,large,"James Lee, PhD; Jonas Schluter, PhD; Ralf Duerr, MD, PhD; Liat Shenhav, PhD",US Army Combat Capabilities Development Command Broad Agency collaborative plan,"This opportunity supports hypothesis driven work in us army combat capabilities development command broad agency announcement. James Lee, PhD contributes expertise in structural biology, host-pathogen interactions. Jonas Schluter, PhD contributes expertise in systems microbiology, immunology. Ralf Duerr, MD, PhD contributes expertise in viral immunology, vaccine responses. Liat Shenhav, PhD contributes expertise in systems microbiology. Together, the team is positioned to deliver a rigorous plan that advances announcement , capabilities , development while meeting ACC APG - Natick expectations for impact and reproducibility.","Aim 1: define the central questions, datasets, and success metrics for us army combat capabilities development command broad agency announcement with input from all team members.
Aim 2: test key mechanisms or drivers in us army combat capabilities development command broad agency announcement using complementary models, assays, and analytical approaches.
Aim 3: validate robustness across settings, publish reproducible workflows, and create a dissemination plan for broad community use.",https://sam.gov/opp/e8c7609f0f154df4afda846595bca888/view
150c6b5c-58b7-4f36-b4ea-177341a92b2c,PD-20-7909,Biosensing,U.S. National Science Foundation,,,posted,,7600000.0,,large,David Fenyo; Richard Possemato; Liam Holt; Drew Jones,Biosensing collaborative plan,"This opportunity supports hypothesis driven work in biosensing. David Fenyo contributes expertise in in my research i apply mathematical, statistical and computational methods to provide a detailed understanding of the dy. Richard Possemato contributes expertise in i am an associate professor in the department of pathology at nyu school of medicine and co-leader of the cancer cell bi. Liam Holt contributes expertise in biophysics of signaling, biomolecular condensates. Drew Jones contributes expertise in the ongoing theme of my work is the invention or adaptation of advanced chromatography and mass spectrometry technology . Together, the team is positioned to deliver a rigorous plan that advances biosensing while meeting U.S. National Science Foundation expectations for impact and reproducibility.","Aim 1: define the central questions, datasets, and success metrics for biosensing with input from all team members.
Aim 2: test key mechanisms or drivers in biosensing using complementary models, assays, and analytical approaches.
Aim 3: validate robustness across settings, publish reproducible workflows, and create a dissemination plan for broad community use.",http://www.nsf.gov/funding/pgm_summ.jsp?pims_id=505720
6179eb2c-9239-40ad-9a12-7329291f3509,TEMP-31647,Development of Collaborative Research Facilities or Research-Resource Facilities (C06 Clinical Trial Not Allowed),National Institutes of Health,,,forecasted,,88000000.0,12.0,large,"Ralf Duerr, MD, PhD; Nathaniel R. Landau, PhD; Benjamin tenOever, PhD; Drew Jones",Development of Collaborative Research Facilities or Research-Resource Facilities collaborative plan,"This opportunity calls for a shared resource or coordinating effort in development of collaborative research facilities or research-resource facilities. Ralf Duerr, MD, PhD contributes expertise in viral immunology, vaccine responses. Nathaniel R. Landau, PhD contributes expertise in retrovirology, immunology. Benjamin tenOever, PhD contributes expertise in virology, post-transcriptional. Drew Jones contributes expertise in the ongoing theme of my work is the invention or adaptation of advanced chromatography and mass spectrometry technology . Together, the team is positioned to deliver a rigorous plan that advances facilities , research , collaborative while meeting National Institutes of Health expectations for impact and reproducibility.","Aim 1: define the central questions, datasets, and success metrics for development of collaborative research facilities or research-resource facilities with input from all team members.
Aim 2: build and quality control a shared resource for development of collaborative research facilities or research-resource facilities, including standardized protocols, data structures, and access pathways.
Aim 3: validate findings in relevant human data or specimens and define a dissemination plan to support adoption in real world settings.",https://www.grants.gov/search-grants?query=TEMP-31647
11a295e2-b809-4d15-ae4d-aff909c58d38,25-525,Antarctic Research Requiring U.S. Antarctic Program (USAP) Support for Fieldwork,U.S. National Science Foundation,,2026-06-01,posted,,60000000.0,,large,Catherine Pei-ju Lu; esteban o mazzoni; Richard Possemato; Drew Jones,Antarctic Research Requiring U.S. Antarctic Program Support for collaborative plan,"This opportunity calls for a shared resource or coordinating effort in antarctic research requiring u.s. antarctic program support for fieldwork. Catherine Pei-ju Lu contributes expertise in my lab aims to build a comprehensive framework for understanding stem cell biology of the skin, from development to dise. esteban o mazzoni contributes expertise in we are passionate about understanding how cells acquire the functions required by a multicellular organism like the comp. Richard Possemato contributes expertise in i am an associate professor in the department of pathology at nyu school of medicine and co-leader of the cancer cell bi. Drew Jones contributes expertise in the ongoing theme of my work is the invention or adaptation of advanced chromatography and mass spectrometry technology . Together, the team is positioned to deliver a rigorous plan that advances antarctic , fieldwork , requiring while meeting U.S. National Science Foundation expectations for impact and reproducibility.","Aim 1: define the central questions, datasets, and success metrics for antarctic research requiring u.s. antarctic program support for fieldwork with input from all team members.
Aim 2: build and quality control a shared resource for antarctic research requiring u.s. antarctic program support for fieldwork, including standardized protocols, data structures, and access pathways.
Aim 3: validate robustness across settings, publish reproducible workflows, and create a dissemination plan for broad community use.",http://www.nsf.gov/publications/pub_summ.jsp?ods_key=nsf25525
96c01146-104b-4e72-bd65-1bee3428493a,25-526,Antarctic Research Not Requiring U.S. Antarctic Program (USAP) Field Support,U.S. National Science Foundation,,2026-01-15,posted,,60000000.0,,large,"Catherine Pei-ju Lu; esteban o mazzoni; Liat Shenhav, PhD; Drew Jones",Antarctic Research Not Requiring U.S. Antarctic Program Field collaborative plan,"This opportunity calls for a shared resource or coordinating effort in antarctic research not requiring u.s. antarctic program field support. Catherine Pei-ju Lu contributes expertise in my lab aims to build a comprehensive framework for understanding stem cell biology of the skin, from development to dise. esteban o mazzoni contributes expertise in we are passionate about understanding how cells acquire the functions required by a multicellular organism like the comp. Liat Shenhav, PhD contributes expertise in systems microbiology. Drew Jones contributes expertise in the ongoing theme of my work is the invention or adaptation of advanced chromatography and mass spectrometry technology . Together, the team is positioned to deliver a rigorous plan that advances antarctic , requiring , research while meeting U.S. National Science Foundation expectations for impact and reproducibility.","Aim 1: define the central questions, datasets, and success metrics for antarctic research not requiring u.s. antarctic program field support with input from all team members.
Aim 2: build and quality control a shared resource for antarctic research not requiring u.s. antarctic program field support, including standardized protocols, data structures, and access pathways.
Aim 3: validate robustness across settings, publish reproducible workflows, and create a dissemination plan for broad community use.",http://www.nsf.gov/publications/pub_summ.jsp?ods_key=nsf25526
5a0b4ac7-5736-4698-ae7a-a12fca515956,RFA-DK-27-130,Limited Competition: Chronic Kidney Diseases of UnceRtain Etiology (CKDu) in Agricultural Communities (CURE) Research Consortium- Field Epidemiology Sites,National Institutes of Health,,,forecasted,,6000000.0,5.0,large,Hakhamanesh Mostafavi; Thomas Wisniewski; Drew Jones,Limited Competition: Chronic Kidney Diseases of UnceRtain Etiology collaborative plan,"This opportunity calls for a shared resource or coordinating effort in limited competition: chronic kidney diseases of uncertain etiology in agricultural communities research consortium- field. Hakhamanesh Mostafavi contributes expertise in my lab studies the genetic basis of complex human traits and diseases. Thomas Wisniewski contributes expertise in i am a board certified neurologist and neuropathologist. Drew Jones contributes expertise in the ongoing theme of my work is the invention or adaptation of advanced chromatography and mass spectrometry technology . Together, the team is positioned to deliver a rigorous plan that advances agricultural , epidemiology , communities while meeting National Institutes of Health expectations for impact and reproducibility.","Aim 1: define the central questions, datasets, and success metrics for limited competition: chronic kidney diseases of uncertain etiology in agricultural with input from all team members.
Aim 2: build and quality control a shared resource for limited competition: chronic kidney diseases of uncertain etiology in agricultural, including standardized protocols, data structures, and access pathways.
Aim 3: validate robustness across settings, publish reproducible workflows, and create a dissemination plan for broad community use.",https://www.grants.gov/search-grants?query=RFA-DK-27-130
be1a422a-7039-461b-8d40-01b3cd48bd58,23-569,A Science of Science Approach to Analyzing and Innovating the Biomedical Research Enterprise,U.S. National Science Foundation,,2026-02-09,posted,250000.0,2000000.0,8.0,large,Drew Jones; Nadav Brandes; Molly Gale Hammell,A Science of Science Approach to Analyzing and collaborative plan,"This opportunity supports hypothesis driven work in a science of science approach to analyzing and innovating the biomedical research enterprise. Drew Jones contributes expertise in the ongoing theme of my work is the invention or adaptation of advanced chromatography and mass spectrometry technology . Nadav Brandes contributes expertise in large language models (llms) have revolutionized artificial intelligence (ai). Molly Gale Hammell contributes expertise in molly gale hammell is an associate professor in the institute for systems genetics at nyu langone health. Together, the team is positioned to deliver a rigorous plan that advances science , biomedical , enterprise while meeting U.S. National Science Foundation expectations for impact and reproducibility.","Aim 1: define the central questions, datasets, and success metrics for a science of science approach to analyzing and innovating the with input from all team members.
Aim 2: test key mechanisms or drivers in a science of science approach to analyzing and innovating the using complementary models, assays, and analytical approaches.
Aim 3: validate robustness across settings, publish reproducible workflows, and create a dissemination plan for broad community use.",http://www.nsf.gov/publications/pub_summ.jsp?ods_key=nsf23569
55ace8a7-76fe-4727-b882-c231a2832875,PAR-26-073,NEI Translational Research Program for Therapeutics (R61/R33 Clinical Trial Not Allowed),National Institutes of Health,,,forecasted,,,5.0,large,"Robert J. Schneider, PhD; Catherine Pei-ju Lu; Richard Possemato; Drew Jones",NEI Translational Research Program for Therapeutics collaborative plan R61,"This opportunity supports hypothesis driven work in nei translational research program for therapeutics. Robert J. Schneider, PhD contributes expertise in rna biology, translation control. Catherine Pei-ju Lu contributes expertise in my lab aims to build a comprehensive framework for understanding stem cell biology of the skin, from development to dise. Richard Possemato contributes expertise in i am an associate professor in the department of pathology at nyu school of medicine and co-leader of the cancer cell bi. Drew Jones contributes expertise in the ongoing theme of my work is the invention or adaptation of advanced chromatography and mass spectrometry technology . Together, the team is positioned to deliver a rigorous plan that advances translational , therapeutics , research while meeting National Institutes of Health expectations for impact and reproducibility.","Aim 1: define the central questions, datasets, and success metrics for nei translational research program for therapeutics with input from all team members.
Aim 2: test key mechanisms or drivers in nei translational research program for therapeutics using complementary models, assays, and analytical approaches.
Aim 3: validate findings in relevant human data or specimens and define a dissemination plan to support adoption in real world settings.",https://www.grants.gov/search-grants?query=PAR-26-073
51760af0-5f6c-4299-b76b-d98c1b2563ba,PD-23-1415,Particulate and Multiphase Processes,U.S. National Science Foundation,,,posted,,8285000.0,,large,"James Lee, PhD; Jef D. Boeke; Liat Shenhav, PhD; Liam Holt",Particulate and Multiphase Processes collaborative plan,"This opportunity supports hypothesis driven work in particulate and multiphase processes. James Lee, PhD contributes expertise in structural biology, host-pathogen interactions. Jef D. Boeke contributes expertise in leads a synthetic genomics and genome writing program focused on designing, assembling, and installing very large dna co. Liat Shenhav, PhD contributes expertise in systems microbiology. Liam Holt contributes expertise in biophysics of signaling, biomolecular condensates. Together, the team is positioned to deliver a rigorous plan that advances particulate , multiphase , processes while meeting U.S. National Science Foundation expectations for impact and reproducibility.","Aim 1: define the central questions, datasets, and success metrics for particulate and multiphase processes with input from all team members.
Aim 2: test key mechanisms or drivers in particulate and multiphase processes using complementary models, assays, and analytical approaches.
Aim 3: validate robustness across settings, publish reproducible workflows, and create a dissemination plan for broad community use.",http://www.nsf.gov/funding/pgm_summ.jsp?pims_id=506068
a5fdd007-af1e-44d4-9397-3cd7d439e88b,TEMP-30794,NIEHS Worker Training Program’s SBIR E-Learning for HAZMAT and Emergency Response (R43/R44 Clinical Trial Not Allowed),National Institutes of Health,,,forecasted,,688000.0,6.0,large,Richard Possemato; Drew Jones; David Fenyo,NIEHS Worker Training Program’s SBIR E-Learning for HAZMAT collaborative plan R43,"This opportunity emphasizes workforce development and dissemination in niehs worker training program’s sbir e-learning for hazmat and emergency response. Richard Possemato contributes expertise in i am an associate professor in the department of pathology at nyu school of medicine and co-leader of the cancer cell bi. Drew Jones contributes expertise in the ongoing theme of my work is the invention or adaptation of advanced chromatography and mass spectrometry technology . David Fenyo contributes expertise in in my research i apply mathematical, statistical and computational methods to provide a detailed understanding of the dy. Together, the team is positioned to deliver a rigorous plan that advances emergency , learning , response while meeting National Institutes of Health expectations for impact and reproducibility.","Aim 1: define the central questions, datasets, and success metrics for niehs worker training program’s sbir e-learning for hazmat and emergency with input from all team members.
Aim 2: test key mechanisms or drivers in niehs worker training program’s sbir e-learning for hazmat and emergency using complementary models, assays, and analytical approaches.
Aim 3: validate findings in relevant human data or specimens and define a dissemination plan to support adoption in real world settings.",https://www.grants.gov/search-grants?query=TEMP-30794
32e29443-6495-4614-a6c7-07786695ee5a,PD-23-1443,Fluid Dynamics,U.S. National Science Foundation,,,posted,,9175000.0,,large,"David Fenyo; Drew Jones; James Lee, PhD; Jonas Schluter, PhD",Fluid Dynamics collaborative plan,"This opportunity supports hypothesis driven work in fluid dynamics. David Fenyo contributes expertise in in my research i apply mathematical, statistical and computational methods to provide a detailed understanding of the dy. Drew Jones contributes expertise in the ongoing theme of my work is the invention or adaptation of advanced chromatography and mass spectrometry technology . James Lee, PhD contributes expertise in structural biology, host-pathogen interactions. Jonas Schluter, PhD contributes expertise in systems microbiology, immunology. Together, the team is positioned to deliver a rigorous plan that advances dynamics , fluid while meeting U.S. National Science Foundation expectations for impact and reproducibility.","Aim 1: define the central questions, datasets, and success metrics for fluid dynamics with input from all team members.
Aim 2: test key mechanisms or drivers in fluid dynamics using complementary models, assays, and analytical approaches.
Aim 3: validate robustness across settings, publish reproducible workflows, and create a dissemination plan for broad community use.",http://www.nsf.gov/funding/pgm_summ.jsp?pims_id=506069
4217a5d4-7c4e-4827-b006-f92f9a1ffc35,23-525,Oceanographic Facilities and Equipment Support,U.S. National Science Foundation,,2026-01-12,posted,47500000.0,47500000.0,50.0,large,Ran Brosh; Stefan Feske; Catherine Pei-ju Lu; Richard Possemato,Oceanographic Facilities and Equipment Support collaborative plan,"This opportunity calls for a shared resource or coordinating effort in oceanographic facilities and equipment support. Ran Brosh contributes expertise in i have two roles: [1] as faculty at isg/pathology i am leading the dark matter project, a collaborative effort to use sy. Stefan Feske contributes expertise in dr. Catherine Pei-ju Lu contributes expertise in my lab aims to build a comprehensive framework for understanding stem cell biology of the skin, from development to dise. Richard Possemato contributes expertise in i am an associate professor in the department of pathology at nyu school of medicine and co-leader of the cancer cell bi. Together, the team is positioned to deliver a rigorous plan that advances oceanographic , facilities , equipment while meeting U.S. National Science Foundation expectations for impact and reproducibility.","Aim 1: define the central questions, datasets, and success metrics for oceanographic facilities and equipment support with input from all team members.
Aim 2: build and quality control a shared resource for oceanographic facilities and equipment support, including standardized protocols, data structures, and access pathways.
Aim 3: validate robustness across settings, publish reproducible workflows, and create a dissemination plan for broad community use.",http://www.nsf.gov/publications/pub_summ.jsp?ods_key=nsf23525
b96768a1-5386-494e-b894-b968623ba3d8,24-544,Developmental Sciences,U.S. National Science Foundation,,2026-01-30,posted,,6500000.0,,large,Catherine Pei-ju Lu; Richard Possemato; Pau Castel; esteban o mazzoni,Developmental Sciences collaborative plan,"This opportunity supports hypothesis driven work in developmental sciences. Catherine Pei-ju Lu contributes expertise in my lab aims to build a comprehensive framework for understanding stem cell biology of the skin, from development to dise. Richard Possemato contributes expertise in i am an associate professor in the department of pathology at nyu school of medicine and co-leader of the cancer cell bi. Pau Castel contributes expertise in the castel laboratory is interested in understanding the molecular mechanisms underlying oncoprotein-mediated transforma. esteban o mazzoni contributes expertise in we are passionate about understanding how cells acquire the functions required by a multicellular organism like the comp. Together, the team is positioned to deliver a rigorous plan that advances developmental , sciences while meeting U.S. National Science Foundation expectations for impact and reproducibility.","Aim 1: define the central questions, datasets, and success metrics for developmental sciences with input from all team members.
Aim 2: test key mechanisms or drivers in developmental sciences using complementary models, assays, and analytical approaches.
Aim 3: validate robustness across settings, publish reproducible workflows, and create a dissemination plan for broad community use.",http://www.nsf.gov/publications/pub_summ.jsp?ods_key=nsf24544
7a3287f7-c841-4384-acc9-5194514d701b,PD-23-5342,Disability and Rehabilitation Engineering,U.S. National Science Foundation,,,posted,,5000000.0,,large,Richard Possemato; Ran Brosh; Catherine Pei-ju Lu; Nadav Brandes,Disability and Rehabilitation Engineering collaborative plan,"This opportunity supports hypothesis driven work in disability and rehabilitation engineering. Richard Possemato contributes expertise in i am an associate professor in the department of pathology at nyu school of medicine and co-leader of the cancer cell bi. Ran Brosh contributes expertise in i have two roles: [1] as faculty at isg/pathology i am leading the dark matter project, a collaborative effort to use sy. Catherine Pei-ju Lu contributes expertise in my lab aims to build a comprehensive framework for understanding stem cell biology of the skin, from development to dise. Nadav Brandes contributes expertise in large language models (llms) have revolutionized artificial intelligence (ai). Together, the team is positioned to deliver a rigorous plan that advances rehabilitation , engineering , disability while meeting U.S. National Science Foundation expectations for impact and reproducibility.","Aim 1: define the central questions, datasets, and success metrics for disability and rehabilitation engineering with input from all team members.
Aim 2: develop and benchmark a scalable tool or platform for disability and rehabilitation engineering that leverages the complementary strengths of the team.
Aim 3: validate robustness across settings, publish reproducible workflows, and create a dissemination plan for broad community use.",http://www.nsf.gov/funding/pgm_summ.jsp?pims_id=506065
a2141770-82f7-44df-8c86-e1731648e086,MAPUTO-PCO-20-001,Community Led Monitoring Intervention,U.S. Mission to Mozambique,,,forecasted,30000.0,500000.0,20.0,large,"David Fenyo; Michael J. Garabedian, PhD; Jef D. Boeke",Community Led Monitoring Intervention collaborative plan,"This opportunity supports hypothesis driven work in community led monitoring intervention. David Fenyo contributes expertise in in my research i apply mathematical, statistical and computational methods to provide a detailed understanding of the dy. Michael J. Garabedian, PhD contributes expertise in microbiology, nuclear receptor signaling. Jef D. Boeke contributes expertise in leads a synthetic genomics and genome writing program focused on designing, assembling, and installing very large dna co. Together, the team is positioned to deliver a rigorous plan that advances intervention , monitoring , community while meeting U.S. Mission to Mozambique expectations for impact and reproducibility.","Aim 1: define the central questions, datasets, and success metrics for community led monitoring intervention with input from all team members.
Aim 2: test key mechanisms or drivers in community led monitoring intervention using complementary models, assays, and analytical approaches.
Aim 3: validate findings in relevant human data or specimens and define a dissemination plan to support adoption in real world settings.",https://www.grants.gov/search-grants?query=MAPUTO-PCO-20-001
6555b91e-c017-4f0f-ae71-3d682d14c7fe,MAPUTO-PCO-FY22-01,PEPFAR Community Led Monitoring – Mozambique Relief Programs,U.S. Mission to Mozambique,,,forecasted,25000.0,500000.0,24.0,large,"David Fenyo; James Lee, PhD; Michael J. Garabedian, PhD",PEPFAR Community Led Monitoring – Mozambique Relief Programs collaborative plan,"This opportunity supports hypothesis driven work in pepfar community led monitoring – mozambique relief programs. David Fenyo contributes expertise in in my research i apply mathematical, statistical and computational methods to provide a detailed understanding of the dy. James Lee, PhD contributes expertise in structural biology, host-pathogen interactions. Michael J. Garabedian, PhD contributes expertise in microbiology, nuclear receptor signaling. Together, the team is positioned to deliver a rigorous plan that advances monitoring , mozambique , community while meeting U.S. Mission to Mozambique expectations for impact and reproducibility.","Aim 1: define the central questions, datasets, and success metrics for pepfar community led monitoring – mozambique relief programs with input from all team members.
Aim 2: test key mechanisms or drivers in pepfar community led monitoring – mozambique relief programs using complementary models, assays, and analytical approaches.
Aim 3: validate findings in relevant human data or specimens and define a dissemination plan to support adoption in real world settings.",https://mz.usembassy.gov/our-relationship/pepfar-us-presidents-emergency-plan-for-aids-relief/pepfar-community-grants/
e9504865-dfff-4c6b-84ec-5f7951bc595c,PAR-23-124,Genomic Community Resources (U24 Clinical Trial Not Allowed),National Institutes of Health,,2026-01-25,posted,,,,large,Nadav Brandes; Molly Gale Hammell; Bo Shopsin,Genomic Community Resources collaborative plan U24,"This opportunity calls for a shared resource or coordinating effort in genomic community resources. Nadav Brandes contributes expertise in large language models (llms) have revolutionized artificial intelligence (ai). Molly Gale Hammell contributes expertise in molly gale hammell is an associate professor in the institute for systems genetics at nyu langone health. Bo Shopsin contributes expertise in bacteriology, antimicrobial resistance. Together, the team is positioned to deliver a rigorous plan that advances community , resources , genomic while meeting National Institutes of Health expectations for impact and reproducibility.","Aim 1: define the central questions, datasets, and success metrics for genomic community resources with input from all team members.
Aim 2: build and quality control a shared resource for genomic community resources, including standardized protocols, data structures, and access pathways.
Aim 3: validate findings in relevant human data or specimens and define a dissemination plan to support adoption in real world settings.",http://grants.nih.gov/grants/guide/pa-files/PAR-23-124.html
0d072c0e-e8ce-4a20-a7b5-f49dd4899877,FOR-HG-26-004,ancient DNA for Modern Genomics (aDMG) Coordination Center,National Institutes of Health,,,forecasted,,1500000.0,1.0,large,Aravinda Chakravarti; Paolo Mita; Benjamin tenOever,ancient DNA for Modern Genomics Coordination Center collaborative plan,"This opportunity calls for a shared resource or coordinating effort in ancient dna for modern genomics coordination center. Aravinda Chakravarti contributes expertise in contributions to science 1. Paolo Mita contributes expertise in transposable elements (te) are sequences of dna that are capable of moving within a host genome, and thus are often refe. Benjamin tenOever contributes expertise in virology, post-transcriptional. Together, the team is positioned to deliver a rigorous plan that advances coordination , genomics , ancient while meeting National Institutes of Health expectations for impact and reproducibility.","Aim 1: define the central questions, datasets, and success metrics for ancient dna for modern genomics coordination center with input from all team members.
Aim 2: build and quality control a shared resource for ancient dna for modern genomics coordination center, including standardized protocols, data structures, and access pathways.
Aim 3: validate robustness across settings, publish reproducible workflows, and create a dissemination plan for broad community use.",https://www.grants.gov/search-grants?query=FOR-HG-26-004
21641587-9295-49dc-811b-95337df4af5c,FOR-CA-25-074,Forecast to Publish a Funding Opportunity Announcement for Advanced Development of Informatics Technologies for Cancer Research and Management (U24 Clinical Trial Optional),National Institutes of Health,,,forecasted,,,,large,Richard Possemato; Gregory David; Drew Jones,Forecast to Publish a Funding Opportunity Announcement for collaborative plan U24,"This opportunity supports hypothesis driven work in forecast to publish a funding opportunity announcement for advanced development of informatics technologies for. Richard Possemato contributes expertise in i am an associate professor in the department of pathology at nyu school of medicine and co-leader of the cancer cell bi. Gregory David contributes expertise in the research conducted in our laboratory centers on the interplay between aging and cancer. Drew Jones contributes expertise in the ongoing theme of my work is the invention or adaptation of advanced chromatography and mass spectrometry technology . Together, the team is positioned to deliver a rigorous plan that advances announcement , technologies , development while meeting National Institutes of Health expectations for impact and reproducibility.","Aim 1: define the central questions, datasets, and success metrics for forecast to publish a funding opportunity announcement for advanced development with input from all team members.
Aim 2: test key mechanisms or drivers in forecast to publish a funding opportunity announcement for advanced development using complementary models, assays, and analytical approaches.
Aim 3: validate findings in relevant human data or specimens and define a dissemination plan to support adoption in real world settings.",https://www.grants.gov/search-grants?query=FOR-CA-25-074
0dbbed9f-dfa7-421b-b6f6-941de5a77342,FOR-CA-25-075,Forecast to Publish a Funding Opportunity Announcement for Sustained Support for Informatics Technologies for Cancer Research and Management (U24 Clinical Trial Optional),National Institutes of Health,,,forecasted,,,,large,Richard Possemato; Gregory David; David Fenyo,Forecast to Publish a Funding Opportunity Announcement for collaborative plan U24,"This opportunity calls for a shared resource or coordinating effort in forecast to publish a funding opportunity announcement for sustained support for informatics technologies for. Richard Possemato contributes expertise in i am an associate professor in the department of pathology at nyu school of medicine and co-leader of the cancer cell bi. Gregory David contributes expertise in the research conducted in our laboratory centers on the interplay between aging and cancer. David Fenyo contributes expertise in in my research i apply mathematical, statistical and computational methods to provide a detailed understanding of the dy. Together, the team is positioned to deliver a rigorous plan that advances announcement , technologies , informatics while meeting National Institutes of Health expectations for impact and reproducibility.","Aim 1: define the central questions, datasets, and success metrics for forecast to publish a funding opportunity announcement for sustained support with input from all team members.
Aim 2: build and quality control a shared resource for forecast to publish a funding opportunity announcement for sustained support, including standardized protocols, data structures, and access pathways.
Aim 3: validate findings in relevant human data or specimens and define a dissemination plan to support adoption in real world settings.",https://www.grants.gov/search-grants?query=FOR-CA-25-075
27662089-9359-47c4-b940-cba8c9a7301f,RFA-HG-25-013,Single Source: Outcomes of Electronic Medical Records and Genomics (eMERGE) Genomic Risk Assessment and Management Network - Coordinating Center (U01 Clinical Trial Required),National Institutes of Health,,,forecasted,,1200000.0,1.0,large,"Liat Shenhav, PhD; Aravinda Chakravarti; Jonas Schluter",Single Source: Outcomes of Electronic Medical Records and collaborative plan U01,"This opportunity calls for a shared resource or coordinating effort in single source: outcomes of electronic medical records and genomics genomic risk assessment and management. Liat Shenhav, PhD contributes expertise in systems microbiology. Aravinda Chakravarti contributes expertise in contributions to science 1. Jonas Schluter contributes expertise in systems microbiology, immunology. Together, the team is positioned to deliver a rigorous plan that advances coordinating , assessment , electronic while meeting National Institutes of Health expectations for impact and reproducibility.","Aim 1: define the central questions, datasets, and success metrics for single source: outcomes of electronic medical records and genomics genomic with input from all team members.
Aim 2: build and quality control a shared resource for single source: outcomes of electronic medical records and genomics genomic, including standardized protocols, data structures, and access pathways.
Aim 3: validate findings in relevant human data or specimens and define a dissemination plan to support adoption in real world settings.",https://www.grants.gov/search-grants?query=RFA-HG-25-013
45ab10e1-1758-4a2f-ad07-e93d95c5bedc,PAR-25-444,Cancer Center Support Grants (CCSGs) for NCI-designated Cancer Centers (P30 Clinical Trial Optional),National Institutes of Health,,2028-09-25,posted,,,,large,Richard Possemato; Pau Castel; Gregory David,Cancer Center Support Grants for NCI-designated Cancer Centers collaborative plan P30,"This opportunity calls for a shared resource or coordinating effort in cancer center support grants for nci-designated cancer centers. Richard Possemato contributes expertise in i am an associate professor in the department of pathology at nyu school of medicine and co-leader of the cancer cell bi. Pau Castel contributes expertise in the castel laboratory is interested in understanding the molecular mechanisms underlying oncoprotein-mediated transforma. Gregory David contributes expertise in the research conducted in our laboratory centers on the interplay between aging and cancer. Together, the team is positioned to deliver a rigorous plan that advances cancer , designated , centers while meeting National Institutes of Health expectations for impact and reproducibility.","Aim 1: define the central questions, datasets, and success metrics for cancer center support grants for nci-designated cancer centers with input from all team members.
Aim 2: build and quality control a shared resource for cancer center support grants for nci-designated cancer centers, including standardized protocols, data structures, and access pathways.
Aim 3: validate findings in relevant human data or specimens and define a dissemination plan to support adoption in real world settings.",https://www.grants.gov/search-grants?query=PAR-25-444
d9d8266b-d094-4677-b40c-7c46848eb1c5,PAR-20-043,Cancer Center Support Grants (CCSGs) for NCI-designated Cancer Centers (P30 Clinical Trial Optional),National Institutes of Health,,2121-10-12,posted,,,,large,Richard Possemato; Pau Castel; Gregory David,Cancer Center Support Grants for NCI-designated Cancer Centers collaborative plan P30,"This opportunity calls for a shared resource or coordinating effort in cancer center support grants for nci-designated cancer centers. Richard Possemato contributes expertise in i am an associate professor in the department of pathology at nyu school of medicine and co-leader of the cancer cell bi. Pau Castel contributes expertise in the castel laboratory is interested in understanding the molecular mechanisms underlying oncoprotein-mediated transforma. Gregory David contributes expertise in the research conducted in our laboratory centers on the interplay between aging and cancer. Together, the team is positioned to deliver a rigorous plan that advances cancer , designated , centers while meeting National Institutes of Health expectations for impact and reproducibility.","Aim 1: define the central questions, datasets, and success metrics for cancer center support grants for nci-designated cancer centers with input from all team members.
Aim 2: build and quality control a shared resource for cancer center support grants for nci-designated cancer centers, including standardized protocols, data structures, and access pathways.
Aim 3: validate findings in relevant human data or specimens and define a dissemination plan to support adoption in real world settings.",http://grants.nih.gov/grants/guide/pa-files/PAR-20-043.html
3aa5c63a-0152-413f-9e38-78dfbb721c17,PAR-23-184,Center for Inherited Disease Research (CIDR) High Throughput Sequencing and Genotyping Resource Access (X01 Clinical Trial Not Allowed),National Institutes of Health,,2026-07-08,posted,,,,large,Nadav Brandes; Hakhamanesh Mostafavi; Drew Jones,Center for Inherited Disease Research High Throughput Sequencing collaborative plan,"This opportunity calls for a shared resource or coordinating effort in center for inherited disease research high throughput sequencing and genotyping resource access. Nadav Brandes contributes expertise in large language models (llms) have revolutionized artificial intelligence (ai). Hakhamanesh Mostafavi contributes expertise in my lab studies the genetic basis of complex human traits and diseases. Drew Jones contributes expertise in the ongoing theme of my work is the invention or adaptation of advanced chromatography and mass spectrometry technology . Together, the team is positioned to deliver a rigorous plan that advances genotyping , sequencing , throughput while meeting National Institutes of Health expectations for impact and reproducibility.","Aim 1: define the central questions, datasets, and success metrics for center for inherited disease research high throughput sequencing and genotyping with input from all team members.
Aim 2: build and quality control a shared resource for center for inherited disease research high throughput sequencing and genotyping, including standardized protocols, data structures, and access pathways.
Aim 3: validate findings in relevant human data or specimens and define a dissemination plan to support adoption in real world settings.",http://grants.nih.gov/grants/guide/pa-files/PAR-23-184.html
70bf4e85-5070-46ed-a706-55cc0b3ee921,PAR-23-059,"National Cancer Institute Program Project Applications for the Years 2023, 2024, and 2025 (P01 Clinical Trial Optional)",National Institutes of Health,,2026-05-07,posted,,,,large,"Richard Possemato; Robert J. Schneider, PhD; Pau Castel",National Cancer Institute Program Project Applications for the collaborative plan P01,"This opportunity supports hypothesis driven work in national cancer institute program project applications for the years 2023, 2024, and 2025. Richard Possemato contributes expertise in i am an associate professor in the department of pathology at nyu school of medicine and co-leader of the cancer cell bi. Robert J. Schneider, PhD contributes expertise in rna biology, translation control. Pau Castel contributes expertise in the castel laboratory is interested in understanding the molecular mechanisms underlying oncoprotein-mediated transforma. Together, the team is positioned to deliver a rigorous plan that advances applications , institute , national while meeting National Institutes of Health expectations for impact and reproducibility.","Aim 1: define the central questions, datasets, and success metrics for national cancer institute program project applications for the years 2023, with input from all team members.
Aim 2: test key mechanisms or drivers in national cancer institute program project applications for the years 2023, using complementary models, assays, and analytical approaches.
Aim 3: validate findings in relevant human data or specimens and define a dissemination plan to support adoption in real world settings.",http://grants.nih.gov/grants/guide/pa-files/PAR-23-059.html
c9ff9b71-b097-4198-9853-3871ccb9ba19,FOR-HG-25-019,IGVF Data and Coordinating Center (U24 Clinical trials Not Allowed),National Institutes of Health,,,forecasted,,1200000.0,1.0,large,Aravinda Chakravarti; Nadav Brandes; Liat Shenhav,IGVF Data and Coordinating Center collaborative plan U24,"This opportunity calls for a shared resource or coordinating effort in igvf data and coordinating center. Aravinda Chakravarti contributes expertise in contributions to science 1. Nadav Brandes contributes expertise in large language models (llms) have revolutionized artificial intelligence (ai). Liat Shenhav contributes expertise in systems microbiology. Together, the team is positioned to deliver a rigorous plan that advances coordinating , center , data while meeting National Institutes of Health expectations for impact and reproducibility.","Aim 1: define the central questions, datasets, and success metrics for igvf data and coordinating center with input from all team members.
Aim 2: build and quality control a shared resource for igvf data and coordinating center, including standardized protocols, data structures, and access pathways.
Aim 3: validate findings in relevant human data or specimens and define a dissemination plan to support adoption in real world settings.",https://www.grants.gov/search-grants?query=FOR-HG-25-019
40dbcca5-d2a3-4934-9140-1135236dde8e,PAR-23-284,"Specialized Programs of Research Excellence (SPOREs) in Human Cancers for Years 2024, 2025, and 2026 (P50 Clinical Trial Required)",National Institutes of Health,,2026-09-25,posted,,,,large,Gregory David; Catherine Pei-ju Lu; Michele Pagano,Specialized Programs of Research Excellence in Human Cancers collaborative plan P50,"This opportunity supports hypothesis driven work in specialized programs of research excellence in human cancers for years 2024, 2025, and 2026. Gregory David contributes expertise in the research conducted in our laboratory centers on the interplay between aging and cancer. Catherine Pei-ju Lu contributes expertise in my lab aims to build a comprehensive framework for understanding stem cell biology of the skin, from development to dise. Michele Pagano contributes expertise in our laboratory is interested in how ubiquitin-mediated proteolysis controls the three key dimensions of cellular life: p. Together, the team is positioned to deliver a rigorous plan that advances specialized , excellence , programs while meeting National Institutes of Health expectations for impact and reproducibility.","Aim 1: define the central questions, datasets, and success metrics for specialized programs of research excellence in human cancers for years with input from all team members.
Aim 2: test key mechanisms or drivers in specialized programs of research excellence in human cancers for years using complementary models, assays, and analytical approaches.
Aim 3: validate findings in relevant human data or specimens and define a dissemination plan to support adoption in real world settings.",http://grants.nih.gov/grants/guide/pa-files/PAR-23-284.html
ff549a86-4282-455d-8b19-11a34adcf764,FOR-CA-25-090,Forecast to Publish a Notice of Funding Opportunity for The Experimental Therapeutics Clinical Trials Network (ETCTN) Pharmacokinetic Resource Laboratory (U24 Clinical Trial Not Allowed),National Institutes of Health,,,forecasted,,850000.0,1.0,large,Pau Castel; Drew Jones; Catherine Pei-ju Lu,Forecast to Publish a Notice of Funding Opportunity collaborative plan U24,"This opportunity calls for a shared resource or coordinating effort in forecast to publish a notice of funding opportunity for the experimental therapeutics clinical trials. Pau Castel contributes expertise in the castel laboratory is interested in understanding the molecular mechanisms underlying oncoprotein-mediated transforma. Drew Jones contributes expertise in the ongoing theme of my work is the invention or adaptation of advanced chromatography and mass spectrometry technology . Catherine Pei-ju Lu contributes expertise in my lab aims to build a comprehensive framework for understanding stem cell biology of the skin, from development to dise. Together, the team is positioned to deliver a rigorous plan that advances pharmacokinetic , experimental , therapeutics while meeting National Institutes of Health expectations for impact and reproducibility.","Aim 1: define the central questions, datasets, and success metrics for forecast to publish a notice of funding opportunity for the with input from all team members.
Aim 2: build and quality control a shared resource for forecast to publish a notice of funding opportunity for the, including standardized protocols, data structures, and access pathways.
Aim 3: validate findings in relevant human data or specimens and define a dissemination plan to support adoption in real world settings.",https://www.grants.gov/search-grants?query=FOR-CA-25-090
de7f0a72-0ef8-4c9c-894b-1fc92c9d1097,RFA-CA-25-033,Glioblastoma Therapeutics Network (GTN; U19 Clinical Trial Required),National Institutes of Health,,,forecasted,,,,large,Jonathan So; Dimitris Placantonakis; Benjamin tenOever,Glioblastoma Therapeutics Network collaborative plan U19,"This opportunity calls for a shared resource or coordinating effort in glioblastoma therapeutics network. Jonathan So contributes expertise in radiation-immune interactions, ex-vivo modelin, gbm - breast cancer - emt - vrk kinases - cfdna to assess treatment resp. Dimitris Placantonakis contributes expertise in glioblastoma; chromatin organization in human neural development; adhesions gpcr function and therapeutics. Benjamin tenOever contributes expertise in virology, post-transcriptional. Together, the team is positioned to deliver a rigorous plan that advances glioblastoma , therapeutics , network while meeting National Institutes of Health expectations for impact and reproducibility.","Aim 1: define the central questions, datasets, and success metrics for glioblastoma therapeutics network with input from all team members.
Aim 2: build and quality control a shared resource for glioblastoma therapeutics network, including standardized protocols, data structures, and access pathways.
Aim 3: validate findings in relevant human data or specimens and define a dissemination plan to support adoption in real world settings.",https://www.grants.gov/search-grants?query=RFA-CA-25-033
3c467ec1-a043-43ff-82ec-9aaccaf859d1,RFA-MH-26-120,BRAIN Initiative: Reagent Resources for Brain Cell Type-Specific Access to Broaden Distribution of Enabling Technologies for Neuroscience (U24 Clinical Trial Not Allowed),National Institutes of Health,,2027-06-15,posted,,,,large,"Andrea H. Brand; Benjamin tenOever, PhD; Kamal M. Khanna",BRAIN Initiative: Reagent Resources for Brain Cell Type-Specific collaborative plan U24,"This opportunity calls for a shared resource or coordinating effort in brain initiative: reagent resources for brain cell type-specific access to broaden distribution of enabling. Andrea H. Brand contributes expertise in neural stem cells in the adult brain exist primarily in a quiescent state but can be reactivated in response to changing. Benjamin tenOever, PhD contributes expertise in virology, post-transcriptional. Kamal M. Khanna contributes expertise in immunology, macrophage biology. Together, the team is positioned to deliver a rigorous plan that advances brain , distribution , neuroscience while meeting National Institutes of Health expectations for impact and reproducibility.","Aim 1: define the central questions, datasets, and success metrics for brain initiative: reagent resources for brain cell type-specific access to with input from all team members.
Aim 2: build and quality control a shared resource for brain initiative: reagent resources for brain cell type-specific access to, including standardized protocols, data structures, and access pathways.
Aim 3: validate findings in relevant human data or specimens and define a dissemination plan to support adoption in real world settings.",http://grants.nih.gov/grants/guide/rfa-files/RFA-MH-26-120.html
56cb921d-6c86-4108-bf10-a2ec4f8ceef3,NOT-AA-25-010,Forecast to Publish a Funding Opportunity Announcement for Copy of Integrative Neuroscience Initiative on Alcoholism (INIA) Consortia Research Resource (U24) (Clinical Trial Optional),National Institutes of Health,,,forecasted,,700000.0,2.0,large,Andrea H. Brand; David Fenyo; Catherine Pei-ju Lu,Forecast to Publish a Funding Opportunity Announcement for collaborative plan U24,"This opportunity calls for a shared resource or coordinating effort in forecast to publish a funding opportunity announcement for copy of integrative neuroscience initiative on. Andrea H. Brand contributes expertise in neural stem cells in the adult brain exist primarily in a quiescent state but can be reactivated in response to changing. David Fenyo contributes expertise in in my research i apply mathematical, statistical and computational methods to provide a detailed understanding of the dy. Catherine Pei-ju Lu contributes expertise in my lab aims to build a comprehensive framework for understanding stem cell biology of the skin, from development to dise. Together, the team is positioned to deliver a rigorous plan that advances announcement , neuroscience , integrative while meeting National Institutes of Health expectations for impact and reproducibility.","Aim 1: define the central questions, datasets, and success metrics for forecast to publish a funding opportunity announcement for copy of with input from all team members.
Aim 2: build and quality control a shared resource for forecast to publish a funding opportunity announcement for copy of, including standardized protocols, data structures, and access pathways.
Aim 3: validate findings in relevant human data or specimens and define a dissemination plan to support adoption in real world settings.",https://www.grants.gov/search-grants?query=NOT-AA-25-010
3ee5e85e-010c-425f-aa08-8e4f40d81c0f,NOT-AA-25-009,Forecast to Publish a Funding Opportunity Announcement for Copy of Integrative Neuroscience Initiative on Alcoholism (INIA) Consortia Administrative Resource Core (U24) (Clinical Trial Optional),National Institutes of Health,,,forecasted,,1200000.0,2.0,large,Andrea H. Brand; David Fenyo; Catherine Pei-ju Lu,Forecast to Publish a Funding Opportunity Announcement for collaborative plan U24,"This opportunity calls for a shared resource or coordinating effort in forecast to publish a funding opportunity announcement for copy of integrative neuroscience initiative on. Andrea H. Brand contributes expertise in neural stem cells in the adult brain exist primarily in a quiescent state but can be reactivated in response to changing. David Fenyo contributes expertise in in my research i apply mathematical, statistical and computational methods to provide a detailed understanding of the dy. Catherine Pei-ju Lu contributes expertise in my lab aims to build a comprehensive framework for understanding stem cell biology of the skin, from development to dise. Together, the team is positioned to deliver a rigorous plan that advances administrative , announcement , neuroscience while meeting National Institutes of Health expectations for impact and reproducibility.","Aim 1: define the central questions, datasets, and success metrics for forecast to publish a funding opportunity announcement for copy of with input from all team members.
Aim 2: build and quality control a shared resource for forecast to publish a funding opportunity announcement for copy of, including standardized protocols, data structures, and access pathways.
Aim 3: validate findings in relevant human data or specimens and define a dissemination plan to support adoption in real world settings.",https://www.grants.gov/search-grants?query=NOT-AA-25-009
a05dacc1-5d96-4a49-8b20-cadc590692ef,RFA-RM-24-008,Limited Competition: Competing Revisions to Support Clinical Trials in Somatic Cell Genome Editing (U19 Clinical Trial Required),National Institutes of Health,,2026-02-13,posted,,,,large,Ran Brosh; Aravinda Chakravarti; Adam J. Ratner,Limited Competition: Competing Revisions to Support Clinical Trials collaborative plan U19,"This opportunity calls for a shared resource or coordinating effort in limited competition: competing revisions to support clinical trials in somatic cell genome editing. Ran Brosh contributes expertise in i have two roles: [1] as faculty at isg/pathology i am leading the dark matter project, a collaborative effort to use sy. Aravinda Chakravarti contributes expertise in contributions to science 1. Adam J. Ratner contributes expertise in bacteriology, translational. Together, the team is positioned to deliver a rigorous plan that advances competition , competing , revisions while meeting National Institutes of Health expectations for impact and reproducibility.","Aim 1: define the central questions, datasets, and success metrics for limited competition: competing revisions to support clinical trials in somatic with input from all team members.
Aim 2: build and quality control a shared resource for limited competition: competing revisions to support clinical trials in somatic, including standardized protocols, data structures, and access pathways.
Aim 3: validate findings in relevant human data or specimens and define a dissemination plan to support adoption in real world settings.",http://grants.nih.gov/grants/guide/rfa-files/RFA-RM-24-008.html
1226304e-56a0-4eaf-a941-4fcc574ef80f,FOR-NS-25-007,Forecast for The NINDS Human Biospecimen and Data Repository (U24 - Clinical Trial Not Allowed),National Institutes of Health,,,forecasted,,1950000.0,1.0,large,Molly Gale Hammell; Aravinda Chakravarti; Jonas Schluter,Forecast for The NINDS Human Biospecimen and Data collaborative plan U24,"This opportunity calls for a shared resource or coordinating effort in forecast for the ninds human biospecimen and data repository. Molly Gale Hammell contributes expertise in molly gale hammell is an associate professor in the institute for systems genetics at nyu langone health. Aravinda Chakravarti contributes expertise in contributions to science 1. Jonas Schluter contributes expertise in systems microbiology, immunology. Together, the team is positioned to deliver a rigorous plan that advances biospecimen , repository , forecast while meeting National Institutes of Health expectations for impact and reproducibility.","Aim 1: define the central questions, datasets, and success metrics for forecast for the ninds human biospecimen and data repository with input from all team members.
Aim 2: build and quality control a shared resource for forecast for the ninds human biospecimen and data repository, including standardized protocols, data structures, and access pathways.
Aim 3: validate findings in relevant human data or specimens and define a dissemination plan to support adoption in real world settings.",https://www.grants.gov/search-grants?query=FOR-NS-25-007
f3ec77f8-8455-44c7-aecf-3c7ba6e55c3e,RFA-NS-26-012,Stroke Preclinical Assessment Network (SPAN) to Support Translational Studies for Acute Cerebroprotection – Network Sites and Coordinating Center (U01- CT Not Allowed),National Institutes of Health,,,forecasted,,500000.0,1.0,large,"Catherine Pei-ju Lu; Mila B. Ortigoza, MD, PhD; Adam J. Ratner",Stroke Preclinical Assessment Network to Support Translational Studies collaborative plan U01,"This opportunity calls for a shared resource or coordinating effort in stroke preclinical assessment network to support translational studies for acute cerebroprotection – network sites. Catherine Pei-ju Lu contributes expertise in my lab aims to build a comprehensive framework for understanding stem cell biology of the skin, from development to dise. Mila B. Ortigoza, MD, PhD contributes expertise in translational virology, clinical infectious diseases. Adam J. Ratner contributes expertise in bacteriology, translational. Together, the team is positioned to deliver a rigorous plan that advances network , cerebroprotection , translational while meeting National Institutes of Health expectations for impact and reproducibility.","Aim 1: define the central questions, datasets, and success metrics for stroke preclinical assessment network to support translational studies for acute with input from all team members.
Aim 2: build and quality control a shared resource for stroke preclinical assessment network to support translational studies for acute, including standardized protocols, data structures, and access pathways.
Aim 3: validate findings in relevant human data or specimens and define a dissemination plan to support adoption in real world settings.",https://www.grants.gov/search-grants?query=RFA-NS-26-012
9b4ae9e9-8f44-494c-9f45-95774b2c84f4,FOR-AI-27-008,NIAID Investigator Initiated Program Project Applications,National Institutes of Health,,,forecasted,,,,large,"Ramin Herati, MD; Stefan Feske; Catherine Pei-ju Lu",NIAID Investigator Initiated Program Project Applications collaborative plan,"This opportunity supports hypothesis driven work in niaid investigator initiated program project applications. Ramin Herati, MD contributes expertise in human immunology, systems immunology. Stefan Feske contributes expertise in dr. Catherine Pei-ju Lu contributes expertise in my lab aims to build a comprehensive framework for understanding stem cell biology of the skin, from development to dise. Together, the team is positioned to deliver a rigorous plan that advances applications , investigator , initiated while meeting National Institutes of Health expectations for impact and reproducibility.","Aim 1: define the central questions, datasets, and success metrics for niaid investigator initiated program project applications with input from all team members.
Aim 2: test key mechanisms or drivers in niaid investigator initiated program project applications using complementary models, assays, and analytical approaches.
Aim 3: validate robustness across settings, publish reproducible workflows, and create a dissemination plan for broad community use.",https://www.grants.gov/search-grants?query=FOR-AI-27-008
92fe438d-91dc-4ce2-9a45-edc615c4d0b6,FOR-NS-25-001,Forecast for BRAIN Initiative: Research Resource Grants for Technology Integration and Dissemination (U24 Clinical Trial Not Allowed),National Institutes of Health,,,forecasted,,,,large,"Andrea H. Brand; Liat Shenhav, PhD; Drew Jones",Forecast for BRAIN Initiative: Research Resource Grants for collaborative plan U24,"This opportunity calls for a shared resource or coordinating effort in forecast for brain initiative: research resource grants for technology integration and dissemination. Andrea H. Brand contributes expertise in neural stem cells in the adult brain exist primarily in a quiescent state but can be reactivated in response to changing. Liat Shenhav, PhD contributes expertise in systems microbiology. Drew Jones contributes expertise in the ongoing theme of my work is the invention or adaptation of advanced chromatography and mass spectrometry technology . Together, the team is positioned to deliver a rigorous plan that advances dissemination , integration , initiative while meeting National Institutes of Health expectations for impact and reproducibility.","Aim 1: define the central questions, datasets, and success metrics for forecast for brain initiative: research resource grants for technology integration with input from all team members.
Aim 2: build and quality control a shared resource for forecast for brain initiative: research resource grants for technology integration, including standardized protocols, data structures, and access pathways.
Aim 3: validate findings in relevant human data or specimens and define a dissemination plan to support adoption in real world settings.",https://www.grants.gov/search-grants?query=FOR-NS-25-001
bcea277b-9a2a-48fa-a2cb-796e56df744b,RFA-MH-25-105,BRAIN Initiative: Production and distribution facilities for brain cell type-specific access reagents (U24 Clinical Trial Not Allowed),National Institutes of Health,,2026-07-01,posted,,,,large,"Andrea H. Brand; Robert J. Schneider, PhD; Adam J. Ratner",BRAIN Initiative: Production and distribution facilities for brain collaborative plan U24,"This opportunity supports hypothesis driven work in brain initiative: production and distribution facilities for brain cell type-specific access reagents. Andrea H. Brand contributes expertise in neural stem cells in the adult brain exist primarily in a quiescent state but can be reactivated in response to changing. Robert J. Schneider, PhD contributes expertise in rna biology, translation control. Adam J. Ratner contributes expertise in bacteriology, translational. Together, the team is positioned to deliver a rigorous plan that advances brain , distribution , facilities while meeting National Institutes of Health expectations for impact and reproducibility.","Aim 1: define the central questions, datasets, and success metrics for brain initiative: production and distribution facilities for brain cell type-specific with input from all team members.
Aim 2: test key mechanisms or drivers in brain initiative: production and distribution facilities for brain cell type-specific using complementary models, assays, and analytical approaches.
Aim 3: validate findings in relevant human data or specimens and define a dissemination plan to support adoption in real world settings.",http://grants.nih.gov/grants/guide/rfa-files/RFA-MH-25-105.html
580664a8-167f-4b35-910d-f628be1d2f4b,PAR-23-166,Native American Research Centers for Health (NARCH) (S06 Clinical Trial Optional),National Institutes of Health,,2026-08-07,posted,,,,large,Molly Gale Hammell; Nadav Brandes; Gregory David,Native American Research Centers for Health collaborative plan,"This opportunity calls for a shared resource or coordinating effort in native american research centers for health. Molly Gale Hammell contributes expertise in molly gale hammell is an associate professor in the institute for systems genetics at nyu langone health. Nadav Brandes contributes expertise in large language models (llms) have revolutionized artificial intelligence (ai). Gregory David contributes expertise in the research conducted in our laboratory centers on the interplay between aging and cancer. Together, the team is positioned to deliver a rigorous plan that advances american , research , centers while meeting National Institutes of Health expectations for impact and reproducibility.","Aim 1: define the central questions, datasets, and success metrics for native american research centers for health with input from all team members.
Aim 2: build and quality control a shared resource for native american research centers for health, including standardized protocols, data structures, and access pathways.
Aim 3: validate findings in relevant human data or specimens and define a dissemination plan to support adoption in real world settings.",http://grants.nih.gov/grants/guide/pa-files/PAR-23-166.html
dab12ed3-a896-4907-ab71-3436214fdc13,RFA-DK-27-124,The NIDDK Inflammatory Bowel Disease Genetics Consortium (IBDGC) Data Coordinating Center,National Institutes of Health,,,forecasted,,1600000.0,1.0,large,"Jonas Schluter, PhD; Catherine Pei-ju Lu; Molly Gale Hammell",The NIDDK Inflammatory Bowel Disease Genetics Consortium Data collaborative plan,"This opportunity calls for a shared resource or coordinating effort in the niddk inflammatory bowel disease genetics consortium data coordinating center. Jonas Schluter, PhD contributes expertise in systems microbiology, immunology. Catherine Pei-ju Lu contributes expertise in my lab aims to build a comprehensive framework for understanding stem cell biology of the skin, from development to dise. Molly Gale Hammell contributes expertise in molly gale hammell is an associate professor in the institute for systems genetics at nyu langone health. Together, the team is positioned to deliver a rigorous plan that advances coordinating , inflammatory , consortium while meeting National Institutes of Health expectations for impact and reproducibility.","Aim 1: define the central questions, datasets, and success metrics for the niddk inflammatory bowel disease genetics consortium data coordinating center with input from all team members.
Aim 2: build and quality control a shared resource for the niddk inflammatory bowel disease genetics consortium data coordinating center, including standardized protocols, data structures, and access pathways.
Aim 3: validate robustness across settings, publish reproducible workflows, and create a dissemination plan for broad community use.",https://www.grants.gov/search-grants?query=RFA-DK-27-124
c21c26ee-c9aa-4527-87a1-27706c2381b8,PAR-23-237,Enhancement and Management of Established Biomedical Data Repositories and Knowledgebases (U24 Clinical Trial Not Allowed),National Institutes of Health,,2026-01-25,posted,,,,large,Michele Pagano; David Fenyo; Ralf Duerr,Enhancement and Management of Established Biomedical Data Repositories collaborative plan U24,"This opportunity supports hypothesis driven work in enhancement and management of established biomedical data repositories and knowledgebases. Michele Pagano contributes expertise in our laboratory is interested in how ubiquitin-mediated proteolysis controls the three key dimensions of cellular life: p. David Fenyo contributes expertise in in my research i apply mathematical, statistical and computational methods to provide a detailed understanding of the dy. Ralf Duerr contributes expertise in viral immunology, vaccine responses. Together, the team is positioned to deliver a rigorous plan that advances knowledgebases , repositories , enhancement while meeting National Institutes of Health expectations for impact and reproducibility.","Aim 1: define the central questions, datasets, and success metrics for enhancement and management of established biomedical data repositories and knowledgebases with input from all team members.
Aim 2: test key mechanisms or drivers in enhancement and management of established biomedical data repositories and knowledgebases using complementary models, assays, and analytical approaches.
Aim 3: validate findings in relevant human data or specimens and define a dissemination plan to support adoption in real world settings.",http://grants.nih.gov/grants/guide/pa-files/PAR-23-237.html
55758ad7-4d40-42e0-b87e-ad97273cc2ab,NOT-RM-25-036,Gabriella Miller Kids First Training and Outreach Core (U24 Clinical Trials Not Allowed),National Institutes of Health,,,forecasted,,800000.0,,large,Pau Castel; Richard Possemato; Drew Jones,Gabriella Miller Kids First Training and Outreach Core collaborative plan U24,"This opportunity emphasizes workforce development and dissemination in gabriella miller kids first training and outreach core. Pau Castel contributes expertise in the castel laboratory is interested in understanding the molecular mechanisms underlying oncoprotein-mediated transforma. Richard Possemato contributes expertise in i am an associate professor in the department of pathology at nyu school of medicine and co-leader of the cancer cell bi. Drew Jones contributes expertise in the ongoing theme of my work is the invention or adaptation of advanced chromatography and mass spectrometry technology . Together, the team is positioned to deliver a rigorous plan that advances gabriella , outreach , training while meeting National Institutes of Health expectations for impact and reproducibility.","Aim 1: define the central questions, datasets, and success metrics for gabriella miller kids first training and outreach core with input from all team members.
Aim 2: build and quality control a shared resource for gabriella miller kids first training and outreach core, including standardized protocols, data structures, and access pathways.
Aim 3: validate findings in relevant human data or specimens and define a dissemination plan to support adoption in real world settings.",https://www.grants.gov/search-grants?query=NOT-RM-25-036
be45d1d0-0dd3-4e97-b104-00fe89bd65ce,NOT-AA-25-013,Limited Competition for the Continuation of the National Consortium on Alcohol and Neurodevelopment in Adolescence (NCANDA) Administrative Resource (U24 Clinical Trials Optional),National Institutes of Health,,,forecasted,,350000.0,1.0,large,"Andrea H. Brand; Adam J. Ratner, MD; Aravinda Chakravarti",Limited Competition for the Continuation of the National collaborative plan U24,"This opportunity calls for a shared resource or coordinating effort in limited competition for the continuation of the national consortium on alcohol and neurodevelopment in. Andrea H. Brand contributes expertise in neural stem cells in the adult brain exist primarily in a quiescent state but can be reactivated in response to changing. Adam J. Ratner, MD contributes expertise in bacteriology, translational. Aravinda Chakravarti contributes expertise in contributions to science 1. Together, the team is positioned to deliver a rigorous plan that advances neurodevelopment , administrative , continuation while meeting National Institutes of Health expectations for impact and reproducibility.","Aim 1: define the central questions, datasets, and success metrics for limited competition for the continuation of the national consortium on with input from all team members.
Aim 2: build and quality control a shared resource for limited competition for the continuation of the national consortium on, including standardized protocols, data structures, and access pathways.
Aim 3: validate findings in relevant human data or specimens and define a dissemination plan to support adoption in real world settings.",https://www.grants.gov/search-grants?query=NOT-AA-25-013
628e387b-3119-4b47-9e49-f39c70ae187b,NOT-AA-25-014,Limited Competition for the Continuation of the National Consortium on Alcohol and Neurodevelopment in Adolescence (NCANDA) Data Analysis Resource (U24 Clinical Trials Optional),National Institutes of Health,,,forecasted,,600000.0,1.0,large,"Andrea H. Brand; Adam J. Ratner, MD; Aravinda Chakravarti",Limited Competition for the Continuation of the National collaborative plan U24,"This opportunity calls for a shared resource or coordinating effort in limited competition for the continuation of the national consortium on alcohol and neurodevelopment in. Andrea H. Brand contributes expertise in neural stem cells in the adult brain exist primarily in a quiescent state but can be reactivated in response to changing. Adam J. Ratner, MD contributes expertise in bacteriology, translational. Aravinda Chakravarti contributes expertise in contributions to science 1. Together, the team is positioned to deliver a rigorous plan that advances neurodevelopment , continuation , adolescence while meeting National Institutes of Health expectations for impact and reproducibility.","Aim 1: define the central questions, datasets, and success metrics for limited competition for the continuation of the national consortium on with input from all team members.
Aim 2: build and quality control a shared resource for limited competition for the continuation of the national consortium on, including standardized protocols, data structures, and access pathways.
Aim 3: validate findings in relevant human data or specimens and define a dissemination plan to support adoption in real world settings.",https://www.grants.gov/search-grants?query=NOT-AA-25-014
92c41050-4371-40ab-a961-81f4a376889d,FOR-HL-25-020,Cardiothoracic Surgical Trials Network (CTSN) Linked Clinical Research Centers,National Institutes of Health,,,forecasted,,,,large,Catherine Pei-ju Lu; Drew Jones; Liat Shenhav,Cardiothoracic Surgical Trials Network Linked Clinical Research Centers collaborative plan,"This opportunity calls for a shared resource or coordinating effort in cardiothoracic surgical trials network linked clinical research centers. Catherine Pei-ju Lu contributes expertise in my lab aims to build a comprehensive framework for understanding stem cell biology of the skin, from development to dise. Drew Jones contributes expertise in the ongoing theme of my work is the invention or adaptation of advanced chromatography and mass spectrometry technology . Liat Shenhav contributes expertise in systems microbiology. Together, the team is positioned to deliver a rigorous plan that advances cardiothoracic , clinical , research while meeting National Institutes of Health expectations for impact and reproducibility.","Aim 1: define the central questions, datasets, and success metrics for cardiothoracic surgical trials network linked clinical research centers with input from all team members.
Aim 2: build and quality control a shared resource for cardiothoracic surgical trials network linked clinical research centers, including standardized protocols, data structures, and access pathways.
Aim 3: validate findings in relevant human data or specimens and define a dissemination plan to support adoption in real world settings.",https://www.grants.gov/search-grants?query=FOR-HL-25-020
44f14ea6-72c0-4d00-b888-0e62afbc63cd,PAR-24-065,NHLBI Program Project Applications (P01 Clinical Trials Optional),National Institutes of Health,,2026-09-25,posted,,,,large,Pau Castel; Drew Jones; Catherine Pei-ju Lu,NHLBI Program Project Applications collaborative plan P01,"This opportunity supports hypothesis driven work in nhlbi program project applications. Pau Castel contributes expertise in the castel laboratory is interested in understanding the molecular mechanisms underlying oncoprotein-mediated transforma. Drew Jones contributes expertise in the ongoing theme of my work is the invention or adaptation of advanced chromatography and mass spectrometry technology . Catherine Pei-ju Lu contributes expertise in my lab aims to build a comprehensive framework for understanding stem cell biology of the skin, from development to dise. Together, the team is positioned to deliver a rigorous plan that advances applications , program , project while meeting National Institutes of Health expectations for impact and reproducibility.","Aim 1: define the central questions, datasets, and success metrics for nhlbi program project applications with input from all team members.
Aim 2: test key mechanisms or drivers in nhlbi program project applications using complementary models, assays, and analytical approaches.
Aim 3: validate findings in relevant human data or specimens and define a dissemination plan to support adoption in real world settings.",http://grants.nih.gov/grants/guide/pa-files/PAR-24-065.html
11303a9d-cdcf-4f67-9948-553ad3a7e04b,RFA-AI-27-012,Coccidioidomycosis Collaborative Research Centers,National Institutes of Health,,,forecasted,,,,large,"Adam J. Ratner, MD; Ralf Duerr, MD, PhD; Catherine Pei-ju Lu",Coccidioidomycosis Collaborative Research Centers collaborative plan,"This opportunity calls for a shared resource or coordinating effort in coccidioidomycosis collaborative research centers. Adam J. Ratner, MD contributes expertise in bacteriology, translational. Ralf Duerr, MD, PhD contributes expertise in viral immunology, vaccine responses. Catherine Pei-ju Lu contributes expertise in my lab aims to build a comprehensive framework for understanding stem cell biology of the skin, from development to dise. Together, the team is positioned to deliver a rigorous plan that advances coccidioidomycosis , collaborative , research while meeting National Institutes of Health expectations for impact and reproducibility.","Aim 1: define the central questions, datasets, and success metrics for coccidioidomycosis collaborative research centers with input from all team members.
Aim 2: build and quality control a shared resource for coccidioidomycosis collaborative research centers, including standardized protocols, data structures, and access pathways.
Aim 3: validate robustness across settings, publish reproducible workflows, and create a dissemination plan for broad community use.",https://www.grants.gov/search-grants?query=RFA-AI-27-012
46e104c3-575e-450a-b2bb-d2782aa961c4,NOT-DE-26-006,Accelerating Product Excellence in Innovation and for Clinical Adoption (APEx) (U24 Clinical Trial Not Allowed),National Institutes of Health,,,forecasted,,,,large,Andrea H. Brand; Paolo Mita; Adam J. Ratner,Accelerating Product Excellence in Innovation and for Clinical collaborative plan U24,"This opportunity supports hypothesis driven work in accelerating product excellence in innovation and for clinical adoption. Andrea H. Brand contributes expertise in neural stem cells in the adult brain exist primarily in a quiescent state but can be reactivated in response to changing. Paolo Mita contributes expertise in transposable elements (te) are sequences of dna that are capable of moving within a host genome, and thus are often refe. Adam J. Ratner contributes expertise in bacteriology, translational. Together, the team is positioned to deliver a rigorous plan that advances accelerating , excellence , innovation while meeting National Institutes of Health expectations for impact and reproducibility.","Aim 1: define the central questions, datasets, and success metrics for accelerating product excellence in innovation and for clinical adoption with input from all team members.
Aim 2: test key mechanisms or drivers in accelerating product excellence in innovation and for clinical adoption using complementary models, assays, and analytical approaches.
Aim 3: validate findings in relevant human data or specimens and define a dissemination plan to support adoption in real world settings.",https://www.grants.gov/search-grants?query=NOT-DE-26-006
ebcdd90d-a5bf-4e20-a546-fcfe230b7405,PAR-23-126,Limited Competition: National Primate Research Centers (P51) (Clinical Trials Not Allowed),National Institutes of Health,,2026-09-25,posted,,,,large,Catherine Pei-ju Lu; Molly Gale Hammell; Gregory David,Limited Competition: National Primate Research Centers collaborative plan P51,"This opportunity calls for a shared resource or coordinating effort in limited competition: national primate research centers. Catherine Pei-ju Lu contributes expertise in my lab aims to build a comprehensive framework for understanding stem cell biology of the skin, from development to dise. Molly Gale Hammell contributes expertise in molly gale hammell is an associate professor in the institute for systems genetics at nyu langone health. Gregory David contributes expertise in the research conducted in our laboratory centers on the interplay between aging and cancer. Together, the team is positioned to deliver a rigorous plan that advances competition , national , research while meeting National Institutes of Health expectations for impact and reproducibility.","Aim 1: define the central questions, datasets, and success metrics for limited competition: national primate research centers with input from all team members.
Aim 2: build and quality control a shared resource for limited competition: national primate research centers, including standardized protocols, data structures, and access pathways.
Aim 3: validate findings in relevant human data or specimens and define a dissemination plan to support adoption in real world settings.",http://grants.nih.gov/grants/guide/pa-files/PAR-23-126.html
f24f86a5-7d6b-467e-a97f-c5ef8e043c5c,RFA-ES-25-002,Environmental Health Sciences Core Centers Program (P30 Clinical Trials Optional),National Institutes of Health,,2027-04-20,posted,,,,large,Drew Jones; Catherine Pei-ju Lu; Stefan Feske,Environmental Health Sciences Core Centers Program collaborative plan P30,"This opportunity calls for a shared resource or coordinating effort in environmental health sciences core centers program. Drew Jones contributes expertise in the ongoing theme of my work is the invention or adaptation of advanced chromatography and mass spectrometry technology . Catherine Pei-ju Lu contributes expertise in my lab aims to build a comprehensive framework for understanding stem cell biology of the skin, from development to dise. Stefan Feske contributes expertise in dr. Together, the team is positioned to deliver a rigorous plan that advances environmental , sciences , centers while meeting National Institutes of Health expectations for impact and reproducibility.","Aim 1: define the central questions, datasets, and success metrics for environmental health sciences core centers program with input from all team members.
Aim 2: build and quality control a shared resource for environmental health sciences core centers program, including standardized protocols, data structures, and access pathways.
Aim 3: validate findings in relevant human data or specimens and define a dissemination plan to support adoption in real world settings.",http://grants.nih.gov/grants/guide/rfa-files/RFA-ES-25-002.html
b6a413a2-36d3-43b6-a38a-c3dfaebc20c9,PAR-26-116,Opportunities for Collaborative Research at the NIH Clinical Center (U01 Clinical Trial Optional),National Institutes of Health,,2027-03-06,posted,500000.0,,,large,Catherine Pei-ju Lu; Thomas Wisniewski; Richard Possemato,Opportunities for Collaborative Research at the NIH Clinical collaborative plan U01,"This opportunity calls for a shared resource or coordinating effort in opportunities for collaborative research at the nih clinical center. Catherine Pei-ju Lu contributes expertise in my lab aims to build a comprehensive framework for understanding stem cell biology of the skin, from development to dise. Thomas Wisniewski contributes expertise in i am a board certified neurologist and neuropathologist. Richard Possemato contributes expertise in i am an associate professor in the department of pathology at nyu school of medicine and co-leader of the cancer cell bi. Together, the team is positioned to deliver a rigorous plan that advances collaborative , opportunities , clinical while meeting National Institutes of Health expectations for impact and reproducibility.","Aim 1: define the central questions, datasets, and success metrics for opportunities for collaborative research at the nih clinical center with input from all team members.
Aim 2: build and quality control a shared resource for opportunities for collaborative research at the nih clinical center, including standardized protocols, data structures, and access pathways.
Aim 3: validate findings in relevant human data or specimens and define a dissemination plan to support adoption in real world settings.",https://www.grants.gov/search-grants?query=PAR-26-116
0c11e001-432f-482b-b678-a7bd446bab4b,FOR-AR-26-008,Core Centers for Clinical Research (CCCR) (P30 Clinical Trial Not Allowed),National Institutes of Health,,,forecasted,,,,large,Catherine Pei-ju Lu; Drew Jones; Molly Gale Hammell,Core Centers for Clinical Research collaborative plan P30,"This opportunity calls for a shared resource or coordinating effort in core centers for clinical research. Catherine Pei-ju Lu contributes expertise in my lab aims to build a comprehensive framework for understanding stem cell biology of the skin, from development to dise. Drew Jones contributes expertise in the ongoing theme of my work is the invention or adaptation of advanced chromatography and mass spectrometry technology . Molly Gale Hammell contributes expertise in molly gale hammell is an associate professor in the institute for systems genetics at nyu langone health. Together, the team is positioned to deliver a rigorous plan that advances clinical , research , centers while meeting National Institutes of Health expectations for impact and reproducibility.","Aim 1: define the central questions, datasets, and success metrics for core centers for clinical research with input from all team members.
Aim 2: build and quality control a shared resource for core centers for clinical research, including standardized protocols, data structures, and access pathways.
Aim 3: validate findings in relevant human data or specimens and define a dissemination plan to support adoption in real world settings.",https://www.grants.gov/search-grants?query=FOR-AR-26-008
4106e2ef-3992-43ed-adc3-7ce900eaa60c,HHS-2023-ACL-AOA-EECC-0021,Engaging Older Adults Resource Center,Administration for Community Living,,,forecasted,150000.0,150000.0,1.0,large,Gregory David; Thomas Wisniewski; Benjamin tenOever,Engaging Older Adults Resource Center collaborative plan,"This opportunity calls for a shared resource or coordinating effort in engaging older adults resource center. Gregory David contributes expertise in the research conducted in our laboratory centers on the interplay between aging and cancer. Thomas Wisniewski contributes expertise in i am a board certified neurologist and neuropathologist. Benjamin tenOever contributes expertise in virology, post-transcriptional. Together, the team is positioned to deliver a rigorous plan that advances engaging , resource , adults while meeting Administration for Community Living expectations for impact and reproducibility.","Aim 1: define the central questions, datasets, and success metrics for engaging older adults resource center with input from all team members.
Aim 2: build and quality control a shared resource for engaging older adults resource center, including standardized protocols, data structures, and access pathways.
Aim 3: validate robustness across settings, publish reproducible workflows, and create a dissemination plan for broad community use.",https://acl.gov/grants/open-opportunities
cb7797dd-09ae-4729-a8b3-0dc728f73a24,FOR-DA-27-007,"Adult-Adolescent Brain Cognitive Development (A-ABCD) Study Renewal-Data Analysis, Informatics and Resource Center, and Coordinating Center (U24)",National Institutes of Health,,,forecasted,,,,large,Andrea H. Brand; Drew Jones; Liat Shenhav,"Adult-Adolescent Brain Cognitive Development Study Renewal-Data Analysis, Informatics collaborative plan U24","This opportunity calls for a shared resource or coordinating effort in adult-adolescent brain cognitive development study renewal-data analysis, informatics and resource center, and coordinating center. Andrea H. Brand contributes expertise in neural stem cells in the adult brain exist primarily in a quiescent state but can be reactivated in response to changing. Drew Jones contributes expertise in the ongoing theme of my work is the invention or adaptation of advanced chromatography and mass spectrometry technology . Liat Shenhav contributes expertise in systems microbiology. Together, the team is positioned to deliver a rigorous plan that advances center , coordinating , development while meeting National Institutes of Health expectations for impact and reproducibility.","Aim 1: define the central questions, datasets, and success metrics for adult-adolescent brain cognitive development study renewal-data analysis, informatics and resource with input from all team members.
Aim 2: build and quality control a shared resource for adult-adolescent brain cognitive development study renewal-data analysis, informatics and resource, including standardized protocols, data structures, and access pathways.
Aim 3: validate robustness across settings, publish reproducible workflows, and create a dissemination plan for broad community use.",https://www.grants.gov/search-grants?query=FOR-DA-27-007
